MP_15047_ID1011025858;L-492 - Szint III. 492. tisztatér_2020-07-29;+++;Ralstonia pickettii;329;9db34d6d-c073-4c19-a27c-9f42965f4cf3;2.112;+++;Ralstonia pickettii;329;0f9b6822-7e49-47c3-842f-7a730d5e5488;2.065;+++;Ralstonia pickettii;329;de038ebd-da62-4d41-a1e0-f27da4ab2138;2.061;+++;Ralstonia pickettii;329;d4b68cc5-555f-496c-919a-324e8ad43fc4;2.028;+;Ralstonia pickettii;329;5142b26e-ec1a-42a5-b743-f766fef39437;1.966;+;Ralstonia pickettii;329;57dee7d6-a4cb-4232-96bf-181896fd3b2b;1.931;+;Ralstonia pickettii;329;f58e3b8f-bf9c-481b-a127-3dca089d6afb;1.854;+;Ralstonia pickettii;329;eb9b3bf5-212a-43c6-8f70-c2b2c8ea0c56;1.82;-;not reliable identification;E1;1129a500-570e-4c44-b53a-5397cd44695c;1.665;-;not reliable identification;E1;299f2300-dcac-4a36-a196-d0e8cfac29ce;1.502;
MP_15048_ID1011025858;L-492 - Szint III. 492. tisztatér_2020-07-29;+++;Sphingomonas echinoides;59803;42055592-54ed-4168-8c40-2b995d6e920a;2.026;+;Sphingomonas echinoides;59803;5f63e57c-5dda-4a3e-954c-5f942f36c3d7;1.832;-;not reliable identification;E1;d0134c20-2630-4248-a5dc-3105ca6aa7d3;1.462;-;not reliable identification;E1;28c0bb43-7816-4e77-8669-f3f9f83509aa;1.37;-;not reliable identification;E1;41dfb779-b2e3-4213-8fe1-f317f871576a;1.363;-;not reliable identification;E1;d9ccd8b7-bee4-4261-8c98-87a3c93e133b;1.329;-;not reliable identification;E1;6f7d40b9-06ac-4dbf-bfea-7ee31596d3f1;1.328;-;not reliable identification;E1;8aa14eaa-40f2-4dfb-9117-9d2a8953bfd8;03.jan;-;not reliable identification;E1;cc47eda4-ac9f-427f-b26a-8dc234bc408a;1.244;-;not reliable identification;E1;406eb722-4442-4b9f-a7dd-682c8412bdbe;1.238;
MP_15049_ID1011025858;L-492 - Szint III. 492. tisztatér_2020-07-29;+++;Ralstonia pickettii;329;9db34d6d-c073-4c19-a27c-9f42965f4cf3;2.161;+++;Ralstonia pickettii;329;5142b26e-ec1a-42a5-b743-f766fef39437;2.154;+++;Ralstonia pickettii;329;de038ebd-da62-4d41-a1e0-f27da4ab2138;2.141;+++;Ralstonia pickettii;329;d4b68cc5-555f-496c-919a-324e8ad43fc4;2.118;+++;Ralstonia pickettii;329;0f9b6822-7e49-47c3-842f-7a730d5e5488;2.076;+;Ralstonia pickettii;329;57dee7d6-a4cb-4232-96bf-181896fd3b2b;1.949;+;Ralstonia pickettii;329;1129a500-570e-4c44-b53a-5397cd44695c;1.878;+;Ralstonia pickettii;329;f58e3b8f-bf9c-481b-a127-3dca089d6afb;1.845;+;Ralstonia pickettii;329;eb9b3bf5-212a-43c6-8f70-c2b2c8ea0c56;1.837;-;not reliable identification;E1;299f2300-dcac-4a36-a196-d0e8cfac29ce;1.533;
MP_15050_ID1011025858;L-492 - Szint III. 492. tisztatér_2020-07-29;+++;Comamonas testosteroni;285;b7ebd43c-ca4e-4387-9333-c5a9d3f1b418;2.134;+;Comamonas testosteroni;285;12c23922-3921-45ac-b04c-a470a94cce77;1.71;-;not reliable identification;E1;44931943-501c-4e15-b887-19412b9481b9;1.414;-;not reliable identification;E1;12ba6c62-9f38-4dce-97b5-b83c15762ac8;1.294;-;not reliable identification;E1;ed9c596f-86d6-44f6-90ed-f079f86cf61a;1.291;-;not reliable identification;E1;0f05e0b2-2370-4103-a468-07a8e30b2220;1.277;-;not reliable identification;E1;dcbadfc6-d4ab-4303-98b6-7568ca222d07;1.274;-;not reliable identification;E1;1707299a-d3f4-41ae-a6b2-28b9f4509755;1.246;-;not reliable identification;E1;46eb6b77-2443-4d24-a0c1-899abf02dcc2;1.232;-;not reliable identification;E1;b1c41aeb-698c-4695-8f75-331f70051e31;22.jan;
MP_15051_ID1011025858;L-492 - Szint III. 492. tisztatér_2020-07-29;++;Staphylococcus epidermidis;1282;cf58e860-e8a8-42cb-9f41-cfea4536d54e;2.541;+;Staphylococcus epidermidis;1282;219bdfd0-cd3d-48ae-a3ed-1245691e8c9e;1.887;+;Staphylococcus epidermidis;1282;affdd5db-be8f-4ee6-b395-757b3b820a98;1.869;+;Staphylococcus epidermidis;1282;b487a1e3-895e-49ae-bc1c-e940757982cc;1.86;+;Staphylococcus epidermidis;1282;cbefbe40-89e4-438c-81ca-ac8d312eda6d;1.811;+;Staphylococcus epidermidis;1282;ca61ac93-70f3-4aba-a3cd-b69ba1df29c9;1.749;+;Staphylococcus epidermidis;1282;d8f3d81b-5949-4fec-96db-056d2d22cab7;1.735;-;not reliable identification;E1;fc503196-43eb-4d43-ba09-406712713928;1.65;-;not reliable identification;E1;a117eb82-150b-4ff4-9168-bf5052681c4f;1.475;-;not reliable identification;E1;6bfdfee7-a2d2-43e9-bad6-a5bf9f4790b9;1.394;1.394
MP_15052_ID1011025858;L-492 - Szint III. 492. tisztatér_2020-07-29;+++;Herbaspirillum huttiense;86172;7e28bdca-afaa-4744-b3e1-efdecea5f75a;2.382;++;Herbaspirillum aquaticum;963;abf88f18-20f8-47da-81bd-38151985f539;2.117;+;Herbaspirillum huttiense;86172;421dd3e7-8e64-4652-8603-a97a70c3b96f;1.913;+;Herbaspirillum huttiense;86172;8504f1b4-458f-4e9a-9925-3511957a3f44;1.793;-;not reliable identification;E1;e1405691-68e7-452c-82df-5537ecf8efcc;1.558;-;not reliable identification;E1;37fd605c-bc23-42d1-a503-fb7743547a4e;1.552;-;not reliable identification;E1;efee5572-23de-4719-8da5-f41320d1da33;1.43;-;not reliable identification;E1;1e3b4ec5-11c0-45ad-98f1-d1e604dac938;1.411;-;not reliable identification;E1;532d0f87-0cbf-49fe-9abb-63a44ed0126a;1.281;-;not reliable identification;E1;ee2c1557-af9d-4173-9243-2ed071d229ee;1.276;1.276
MP_15053_ID1011025858;L-492 - Szint III. 492. tisztatér_2020-07-29;++;Paenibacillus illinoisensis;59845;96a8a233-2d07-490e-ba9f-4131f8e3f1ad;2.115;++;Paenibacillus illinoisensis;59845;93074149-f3ea-490d-863e-8cc1e136c0ac;2.086;+;Paenibacillus xylanilyticus;248903;a0eaf882-7642-403b-b300-33ac162dc28d;1.843;+;Paenibacillus pabuli;1472;30f85155-6e4b-45ee-a86f-e687b19f883d;1.731;-;not reliable identification;E1;e677fd22-2840-4c83-91a2-8d2b608b7a54;1.532;-;not reliable identification;E1;5ed03a96-e6d8-431a-9d7f-bb2ce92df2db;05.jan;-;not reliable identification;E1;fb69c4cb-b609-4094-9404-4b8358892c43;1.424;-;not reliable identification;E1;3a2cec9d-bff0-4723-99cb-90728c0b68fd;1.354;-;not reliable identification;E1;06756379-2a87-405e-bd01-612b5e37f97c;1.353;-;not reliable identification;E1;da9aaf11-9430-4a40-9cc6-3b439c2b651e;1.348;1.348
MP_15054_ID1011025858;L-492 - Szint III. 492. tisztatér_2020-07-29;++;Burkholderia cepacia;292;7c25ebd3-36cb-4f32-add6-079c3f612f39;2.266;++;Burkholderia lata;87882;a8282220-3683-433a-95aa-4da216999236;2.098;++;Burkholderia cepacia;292;06a0bb6c-18a3-44ca-978f-cd77841d9df0;2.075;++;Burkholderia cepacia;292;2c0a58c1-792f-4283-b74b-ecceba2706c0;2.069;++;Burkholderia cepacia;292;45cb6b53-6f93-46e4-90b6-11a9fab1a2c0;2.031;++;Burkholderia cepacia;292;c9aea63a-bb86-4807-aec8-2dcf08010b0b;2.001;+;Burkholderia cenocepacia;95486;389afa9a-55e0-4aac-b32c-2cc5eda60e28;1.985;+;Burkholderia cenocepacia;95486;c84eb81e-cc3a-4cb8-8234-b834a1ca0df6;1.94;+;Burkholderia cepacia_Group;292;d60e7ee1-64f3-433e-9971-17be7d9c21bd;1.923;+;Burkholderia cepacia;292;977b4f02-0a11-4afc-9860-7b8418aeeaef;1.917;1.917
MP_15055_ID1011025858;L-492 - Szint III. 492. tisztatér_2020-07-29;++;Micrococcus luteus;1270;df205b83-8258-4046-aa99-d71c818c6628;2.188;++;Micrococcus luteus;1270;8a9c776c-2313-4855-8887-5aff2ca98ff9;2.185;++;Micrococcus luteus;1270;70588a60-89e1-4f56-9f47-3c2ac3b9032d;2.138;++;Micrococcus luteus;1270;beec53ae-2e07-4400-8077-cd2fbf74766f;2.116;++;Micrococcus luteus;1270;9e126652-4575-4da4-99b5-5f8495523218;2.066;++;Micrococcus luteus;1270;03baea4f-ab2e-41fa-b92c-57426f337467;2.066;+;Micrococcus luteus;1270;7e64b71c-e9cd-4869-8f9d-4fa2b2e86d5b;1.991;+;Micrococcus luteus;1270;6ed61691-9887-4655-a4a7-2fbbc2bc9d05;1.889;+;Micrococcus luteus;1270;a4ed63bb-50dc-409f-a34d-d85c8ca123be;1.791;-;not reliable identification;E1;4319c037-c822-48f9-a9df-88300639661c;1.53;1.53
MP_15056_ID1011025858;L-492 - Szint III. 492. tisztatér_2020-07-29;+++;Bacillus oceanisediminis;1386;539b7368-756a-44a5-8b32-6f29ee4545c6;2.306;+;Bacillus oceanisediminis;1386;718f6b3e-d03e-4d11-bbf8-07d83a5c15e4;1.806;-;not reliable identification;E1;676e7d08-9e7f-444e-b8d2-b296277d6f32;05.jan;-;not reliable identification;E1;dda14e24-de4c-49b8-928c-865635b35944;1.421;-;not reliable identification;E1;e2a5e8f6-7af3-4973-8adb-bf66df4657c7;1.358;-;not reliable identification;E1;3227bc76-d39e-476b-9beb-e22f43c4e7d5;1.316;-;not reliable identification;E1;cd762018-97b8-4ec9-b842-97bf14febaf1;1.272;-;not reliable identification;E1;605f3c45-5813-4f3b-a6b5-167657d17554;1.257;-;not reliable identification;E1;13cd7406-93ac-41af-b303-4e9d8ca333b6;1.242;-;not reliable identification;E1;254f59f3-f23c-4990-9a0d-6e800dfe94d6;1.226;
MP_15057_ID1011025858;L-492 - Szint III. 492. tisztatér_2020-07-29;+++;Acinetobacter lwoffii;28090;ab891ac9-7194-42bf-9ab2-e7f6b33594af;2.282;+++;Acinetobacter lwoffii;28090;fc20129b-77ec-40ea-bde0-22195dd0d067;2.215;+++;Acinetobacter lwoffii;28090;a846546a-46eb-44de-aff7-c8b92abfd06a;06.febr;+++;Acinetobacter lwoffii;28090;4bc254bd-3683-477c-b27b-2bf9d9e98b86;2.031;+;Acinetobacter lwoffii;28090;09415fdb-3cf6-4a20-ab20-2c6d0db0a848;1.975;+;Acinetobacter lwoffii;28090;8d1a7d37-d902-4a01-8325-328158ee38f7;1.968;+;Acinetobacter lwoffii;28090;5dd8e5ee-0548-457e-b0a2-26aa1b09ad4d;1.96;+;Acinetobacter lwoffii;28090;632dc0dc-ce01-41ec-af3d-e4623e446403;1.927;+;Acinetobacter lwoffii;28090;8b928d30-f2c9-4cfb-b810-974aa3cfaf2a;1.924;+;Acinetobacter lwoffii;28090;6d23144d-caf1-4428-ab9b-8b2b51ecc05b;1.856;
MP_15058_ID1011025858;L-492 - Szint III. 492. tisztatér_2020-07-29;++;Bacillus oceanisediminis;1386;539b7368-756a-44a5-8b32-6f29ee4545c6;2.231;+;Bacillus firmus;1399;676e7d08-9e7f-444e-b8d2-b296277d6f32;1.707;-;not reliable identification;E1;718f6b3e-d03e-4d11-bbf8-07d83a5c15e4;1.632;-;not reliable identification;E1;dda14e24-de4c-49b8-928c-865635b35944;1.43;-;not reliable identification;E1;2042fd5a-46ee-41fd-87cd-1631d073ca5f;1.41;-;not reliable identification;E1;112bb191-6b17-423a-854c-a128f650f887;1.399;-;not reliable identification;E1;fa84701f-2092-480c-be3c-9a58fc17e7ac;1.333;-;not reliable identification;E1;3227bc76-d39e-476b-9beb-e22f43c4e7d5;1.297;-;not reliable identification;E1;e64d079b-7efc-4dfe-97a4-8f0bbdca36cd;1.295;-;not reliable identification;E1;6bfdfee7-a2d2-43e9-bad6-a5bf9f4790b9;1.279;
MP_15059_ID1011025858;L-492 - Szint III. 492. tisztatér_2020-07-29;++;Staphylococcus hominis;145393;5e23b082-76aa-4165-b045-a5d492cfc0f4;2.251;++;Staphylococcus hominis;1290;605f3c45-5813-4f3b-a6b5-167657d17554;2.145;++;Staphylococcus hominis;1290;ea5a5ac9-9ac0-4140-9847-5ab41db0adcd;2.012;+;Staphylococcus hominis;1290;6dc4986b-ecd2-437c-8e4d-6d95b5336e8c;1.957;+;Staphylococcus hominis;145391;7b34c231-ee3b-4b58-bf7f-80de1314ce76;1.834;-;not reliable identification;E1;e42fa5b3-2a7d-46d6-b2e9-f55f49b91e95;1.695;-;not reliable identification;E1;cb25c9df-d4c9-4510-9627-ac25c9d32102;1.677;-;not reliable identification;E1;361808e4-83a8-45a7-9482-a3ab48717b0a;1.672;-;not reliable identification;E1;219bdfd0-cd3d-48ae-a3ed-1245691e8c9e;1.437;-;not reliable identification;E1;ad4829e0-beb1-4f06-9d16-e3bd1707afb2;1.335;
MP_15060_ID1011025858;L-492 - Szint III. 492. tisztatér_2020-07-29;++;Bacillus litoralis;152268;d348e215-638e-4750-bf84-f66f616a7983;2.116;-;not reliable identification;E1;d43e54f3-2393-4d7c-9025-3b2341273164;1.527;-;not reliable identification;E1;50d64663-4c76-42a1-8c4e-b9c68aa424e8;1.358;-;not reliable identification;E1;ad4829e0-beb1-4f06-9d16-e3bd1707afb2;1.236;-;not reliable identification;E1;402080c9-76b1-435b-9648-f6221f218258;1.203;-;not reliable identification;E1;a8de6ec7-856d-4306-b121-ce66003caf0b;02.jan;-;not reliable identification;E1;c0fd3b46-e5d0-4d80-bc64-a6f300c90069;02.jan;-;not reliable identification;E1;97a5a6c9-bba7-4549-bf29-106a7a6265cf;1.196;-;not reliable identification;E1;c5b8bd56-aaa8-49d9-be1a-ba07090d9f58;1.178;-;not reliable identification;E1;604a416d-cd99-45cb-b0b9-cc1f437f5eae;1.171;
MP_15061_ID1011025858;L-492 - Szint III. 492. tisztatér_2020-07-29;++;Staphylococcus epidermidis;1282;ca61ac93-70f3-4aba-a3cd-b69ba1df29c9;2.236;++;Staphylococcus epidermidis;1282;219bdfd0-cd3d-48ae-a3ed-1245691e8c9e;2.148;++;Staphylococcus epidermidis;1282;b487a1e3-895e-49ae-bc1c-e940757982cc;2.134;++;Staphylococcus epidermidis;1282;fc503196-43eb-4d43-ba09-406712713928;2.024;+;Staphylococcus epidermidis;1282;cbefbe40-89e4-438c-81ca-ac8d312eda6d;1.991;+;Staphylococcus epidermidis;1282;cf58e860-e8a8-42cb-9f41-cfea4536d54e;1.982;+;Staphylococcus epidermidis;1282;affdd5db-be8f-4ee6-b395-757b3b820a98;1.965;+;Staphylococcus epidermidis;1282;84f155e4-1600-46a5-afea-eafb27233290;1.861;+;Staphylococcus epidermidis;1282;d8f3d81b-5949-4fec-96db-056d2d22cab7;1.851;-;not reliable identification;E1;2f7eae59-d395-4226-8734-f0f113d9abe9;1.601;
MP_15062_ID1011025858;L-492 - Szint III. 492. tisztatér_2020-07-29;++;Staphylococcus capitis;72758;6e8c1752-3615-4167-bbc4-e2101bd745ec;2.243;++;Staphylococcus capitis;72758;ad4829e0-beb1-4f06-9d16-e3bd1707afb2;2.202;++;Staphylococcus capitis;72758;cfe9f50c-c0f7-462e-b828-25b7156cf9e5;2.056;+;Staphylococcus capitis;74703;98f4ade2-6a6d-4696-946e-2bc0331c0c6a;1.933;+;Staphylococcus capitis;72758;7ff5c2d5-93f0-4f1b-b1e3-edc061f22e96;1.804;-;not reliable identification;E1;ae10ca58-4de5-4877-a03e-675f6b6826df;1.679;-;not reliable identification;E1;219bdfd0-cd3d-48ae-a3ed-1245691e8c9e;1.506;-;not reliable identification;E1;617a72b8-eefb-4c85-a9f1-e010ae7eeced;1.493;-;not reliable identification;E1;a117eb82-150b-4ff4-9168-bf5052681c4f;1.378;-;not reliable identification;E1;53f928f1-3e04-4514-9a55-275cd17cd83b;1.377;
MP_15063_ID1011025858;L-492 - Szint III. 492. tisztatér_2020-07-29;++;Staphylococcus warneri;1292;d153c9c7-bc52-494e-b576-994839c2cb65;2.108;++;Staphylococcus warneri;1292;e4c22d93-138e-48d5-820d-98751b855c0e;2.081;++;Staphylococcus warneri;1292;0203172b-1116-4ddc-8850-cb871f84be31;2.051;+;Staphylococcus warneri;1292;afd71a76-0e5f-4e4f-8a8a-c2b83501bf18;1.993;+;Staphylococcus warneri;1292;30e0768a-9e7f-4c3c-ad1f-471557c50943;1.98;-;not reliable identification;E1;c98e7b49-3671-46fa-b899-9b5482a17e0f;1.672;-;not reliable identification;E1;5f1cae44-63e1-4b28-a517-3b64d2c13af4;1.655;-;not reliable identification;E1;2369ba61-67d2-4b60-b553-f8392ced9fbb;1.568;-;not reliable identification;E1;c57e9940-b0d6-4b87-b577-ca47678f1780;1.567;-;not reliable identification;E1;5dd4fec7-cb0e-4c9d-b913-b9b76e5301ce;1.535;
MP_15064_ID1011025858;L-492 - Szint III. 492. tisztatér_2020-07-29;++;Micrococcus luteus;1270;8a9c776c-2313-4855-8887-5aff2ca98ff9;2.266;++;Micrococcus luteus;1270;70588a60-89e1-4f56-9f47-3c2ac3b9032d;2.174;++;Micrococcus luteus;1270;03baea4f-ab2e-41fa-b92c-57426f337467;2.164;++;Micrococcus luteus;1270;beec53ae-2e07-4400-8077-cd2fbf74766f;14.febr;++;Micrococcus luteus;1270;6ed61691-9887-4655-a4a7-2fbbc2bc9d05;2.122;++;Micrococcus luteus;1270;9e126652-4575-4da4-99b5-5f8495523218;2.122;++;Micrococcus luteus;1270;7e64b71c-e9cd-4869-8f9d-4fa2b2e86d5b;2.063;++;Micrococcus luteus;1270;a4ed63bb-50dc-409f-a34d-d85c8ca123be;2.031;+;Micrococcus luteus;1270;df205b83-8258-4046-aa99-d71c818c6628;1.949;+;Micrococcus luteus;1270;b8c350c2-ef58-45bd-bd2e-cb21c4978e0d;1.825;
MP_15065_ID1011025858;L-492 - Szint III. 492. tisztatér_2020-07-29;++;Bacillus thuringiensis;1428;77ad09b4-ec10-4f69-946c-cb7727c0bb6c;2.037;+;Bacillus cereus;1396;a03f0f48-ba49-4c76-a810-740ad67f1f81;1.913;+;Bacillus cereus;1396;22b513d5-b3ad-4ede-b9fb-716c741d3a85;1.879;+;Bacillus mycoides;1405;0a416a17-f38d-4a8c-84d2-694a529b211c;1.84;+;Bacillus cereus;1396;f18ef0ed-7b87-4d0f-979a-a42509761387;1.737;+;Bacillus weihenstephanensis;86662;0d62b03d-601e-44d1-ad73-8d0b319fcc87;1.722;-;not reliable identification;E1;1c03d81e-e133-485e-82a5-1a65cf1631d7;1.695;-;not reliable identification;E1;d650c164-4dab-46e5-8e53-e9d01c8feec6;1.589;-;not reliable identification;E1;14a73db5-426e-4c4d-b81a-eb12c6a7b635;1.473;-;not reliable identification;E1;987d33c5-61f6-4e0c-b331-87d2b905998b;1.453;
MP_15066_ID1011025858;L-492 - Szint III. 492. tisztatér_2020-07-29;++;Staphylococcus epidermidis;1282;ca61ac93-70f3-4aba-a3cd-b69ba1df29c9;2.165;++;Staphylococcus epidermidis;1282;affdd5db-be8f-4ee6-b395-757b3b820a98;2.123;++;Staphylococcus epidermidis;1282;219bdfd0-cd3d-48ae-a3ed-1245691e8c9e;2.121;+;Staphylococcus epidermidis;1282;b487a1e3-895e-49ae-bc1c-e940757982cc;1.97;+;Staphylococcus epidermidis;1282;fc503196-43eb-4d43-ba09-406712713928;09.jan;+;Staphylococcus epidermidis;1282;cbefbe40-89e4-438c-81ca-ac8d312eda6d;1.898;+;Staphylococcus epidermidis;1282;d8f3d81b-5949-4fec-96db-056d2d22cab7;1.86;+;Staphylococcus epidermidis;1282;2f7eae59-d395-4226-8734-f0f113d9abe9;1.751;+;Staphylococcus epidermidis;1282;cf58e860-e8a8-42cb-9f41-cfea4536d54e;1.726;-;not reliable identification;E1;84f155e4-1600-46a5-afea-eafb27233290;1.59;
MP_15067_ID1011025858;L-492 - Szint III. 492. tisztatér_2020-07-29;++;Staphylococcus hominis;145393;5e23b082-76aa-4165-b045-a5d492cfc0f4;2.268;++;Staphylococcus hominis;1290;605f3c45-5813-4f3b-a6b5-167657d17554;2.142;++;Staphylococcus hominis;1290;6dc4986b-ecd2-437c-8e4d-6d95b5336e8c;2.032;++;Staphylococcus hominis;1290;ea5a5ac9-9ac0-4140-9847-5ab41db0adcd;2.016;+;Staphylococcus hominis;145391;7b34c231-ee3b-4b58-bf7f-80de1314ce76;1.804;+;Staphylococcus hominis;1290;e42fa5b3-2a7d-46d6-b2e9-f55f49b91e95;1.742;+;Staphylococcus hominis;145391;cb25c9df-d4c9-4510-9627-ac25c9d32102;1.721;-;not reliable identification;E1;361808e4-83a8-45a7-9482-a3ab48717b0a;1.637;-;not reliable identification;E1;ad4829e0-beb1-4f06-9d16-e3bd1707afb2;1.38;-;not reliable identification;E1;5aa41eec-633b-417e-8225-92891693d038;1.358;
MP_15068_ID1011025858;L-492 - Szint III. 492. tisztatér_2020-07-29;++;Staphylococcus capitis;72758;ad4829e0-beb1-4f06-9d16-e3bd1707afb2;2.169;++;Staphylococcus capitis;72758;6e8c1752-3615-4167-bbc4-e2101bd745ec;2.167;++;Staphylococcus capitis;72758;cfe9f50c-c0f7-462e-b828-25b7156cf9e5;2.084;+;Staphylococcus capitis;72758;7ff5c2d5-93f0-4f1b-b1e3-edc061f22e96;1.804;+;Staphylococcus capitis;74703;98f4ade2-6a6d-4696-946e-2bc0331c0c6a;1.801;+;Staphylococcus capitis;72758;c9999c48-5bd3-4c37-ab54-ed25af902121;1.738;-;not reliable identification;E1;617a72b8-eefb-4c85-a9f1-e010ae7eeced;1.563;-;not reliable identification;E1;ae10ca58-4de5-4877-a03e-675f6b6826df;1.467;-;not reliable identification;E1;cbefbe40-89e4-438c-81ca-ac8d312eda6d;1.463;-;not reliable identification;E1;db509b12-8f40-4b4e-9e56-96300bf916f7;1.354;
MP_15069_ID1011025858;L-492 - Szint III. 492. tisztatér_2020-07-29;++;Staphylococcus hominis;145393;5e23b082-76aa-4165-b045-a5d492cfc0f4;2.207;++;Staphylococcus hominis;1290;605f3c45-5813-4f3b-a6b5-167657d17554;2.095;++;Staphylococcus hominis;1290;ea5a5ac9-9ac0-4140-9847-5ab41db0adcd;2.008;+;Staphylococcus hominis;1290;6dc4986b-ecd2-437c-8e4d-6d95b5336e8c;1.852;+;Staphylococcus hominis;145391;7b34c231-ee3b-4b58-bf7f-80de1314ce76;1.812;+;Staphylococcus hominis;145391;361808e4-83a8-45a7-9482-a3ab48717b0a;1.732;+;Staphylococcus hominis;145391;cb25c9df-d4c9-4510-9627-ac25c9d32102;1.712;-;not reliable identification;E1;e42fa5b3-2a7d-46d6-b2e9-f55f49b91e95;1.623;-;not reliable identification;E1;219bdfd0-cd3d-48ae-a3ed-1245691e8c9e;1.371;-;not reliable identification;E1;ad4829e0-beb1-4f06-9d16-e3bd1707afb2;1.276;
MP_15070_ID1011025858;L-492 - Szint III. 492. tisztatér_2020-07-29;++;Staphylococcus capitis;72758;ad4829e0-beb1-4f06-9d16-e3bd1707afb2;2.141;++;Staphylococcus capitis;72758;6e8c1752-3615-4167-bbc4-e2101bd745ec;2.124;+;Staphylococcus capitis;72758;cfe9f50c-c0f7-462e-b828-25b7156cf9e5;1.986;+;Staphylococcus capitis;72758;7ff5c2d5-93f0-4f1b-b1e3-edc061f22e96;1.857;+;Staphylococcus capitis;74703;98f4ade2-6a6d-4696-946e-2bc0331c0c6a;1.818;+;Staphylococcus capitis;72758;c9999c48-5bd3-4c37-ab54-ed25af902121;1.735;-;not reliable identification;E1;ae10ca58-4de5-4877-a03e-675f6b6826df;1.567;-;not reliable identification;E1;617a72b8-eefb-4c85-a9f1-e010ae7eeced;1.565;-;not reliable identification;E1;cbefbe40-89e4-438c-81ca-ac8d312eda6d;1.461;-;not reliable identification;E1;a117eb82-150b-4ff4-9168-bf5052681c4f;1.44;
MP_15071_ID1011025858;L-492 - Szint III. 492. tisztatér_2020-07-29;++;Micrococcus luteus;1270;03baea4f-ab2e-41fa-b92c-57426f337467;2.287;++;Micrococcus luteus;1270;8a9c776c-2313-4855-8887-5aff2ca98ff9;2.247;++;Micrococcus luteus;1270;beec53ae-2e07-4400-8077-cd2fbf74766f;21.febr;++;Micrococcus luteus;1270;70588a60-89e1-4f56-9f47-3c2ac3b9032d;2.185;++;Micrococcus luteus;1270;6ed61691-9887-4655-a4a7-2fbbc2bc9d05;2.135;++;Micrococcus luteus;1270;9e126652-4575-4da4-99b5-5f8495523218;01.febr;++;Micrococcus luteus;1270;7e64b71c-e9cd-4869-8f9d-4fa2b2e86d5b;08.febr;++;Micrococcus luteus;1270;df205b83-8258-4046-aa99-d71c818c6628;2.016;+;Micrococcus luteus;1270;a4ed63bb-50dc-409f-a34d-d85c8ca123be;1.846;+;Micrococcus luteus;1270;b8c350c2-ef58-45bd-bd2e-cb21c4978e0d;1.81;
MP_15072_ID1011025858;L-492 - Szint III. 492. tisztatér_2020-07-29;++;Bacillus litoralis;152268;d348e215-638e-4750-bf84-f66f616a7983;2.116;-;not reliable identification;E1;d43e54f3-2393-4d7c-9025-3b2341273164;1.527;-;not reliable identification;E1;50d64663-4c76-42a1-8c4e-b9c68aa424e8;1.358;-;not reliable identification;E1;ad4829e0-beb1-4f06-9d16-e3bd1707afb2;1.236;-;not reliable identification;E1;402080c9-76b1-435b-9648-f6221f218258;1.203;-;not reliable identification;E1;a8de6ec7-856d-4306-b121-ce66003caf0b;02.jan;-;not reliable identification;E1;c0fd3b46-e5d0-4d80-bc64-a6f300c90069;02.jan;-;not reliable identification;E1;97a5a6c9-bba7-4549-bf29-106a7a6265cf;1.196;-;not reliable identification;E1;c5b8bd56-aaa8-49d9-be1a-ba07090d9f58;1.178;-;not reliable identification;E1;604a416d-cd99-45cb-b0b9-cc1f437f5eae;1.171;
MP_15073_ID1011025858;L-492 - Szint III. 492. tisztatér_2020-07-29;+++;Alcaligenes faecalis;32001;97a5a6c9-bba7-4549-bf29-106a7a6265cf;2.481;+++;Alcaligenes faecalis;511;c80de256-f69c-4d05-b416-2ba5ca67b489;2.376;+++;Alcaligenes faecalis;232846;4193bc6f-f607-4356-82fe-0dc19af1b633;2.311;+++;Alcaligenes faecalis;32001;37787a29-d612-41f1-9050-588ca23779b7;2.31;+++;Alcaligenes faecalis;32001;2de3ae5a-0a94-4278-b5ef-57e7997a4407;2.235;+++;Alcaligenes faecalis;32001;75babe78-b9a4-4787-abec-bce78941d4c6;2.234;+++;Alcaligenes faecalis;32001;8ed858d5-beb9-4f7b-a55b-9ceb0b38cad2;2.225;+++;Alcaligenes faecalis;511;db7e83a7-b70c-4b0d-984f-ecae82f14e10;2.175;+++;Alcaligenes faecalis;32001;db920dd1-7052-404c-b0dc-a5010887ed42;2.134;+++;Alcaligenes faecalis;171260;69770af0-c008-4709-b50f-9c4470c27f07;2.019;
MP_15074_ID1011025858;L-492 - Szint III. 492. tisztatér_2020-07-29;+++;Alcaligenes faecalis;32001;2de3ae5a-0a94-4278-b5ef-57e7997a4407;2.219;+++;Alcaligenes faecalis;232846;4193bc6f-f607-4356-82fe-0dc19af1b633;2.176;+++;Alcaligenes faecalis;171260;69770af0-c008-4709-b50f-9c4470c27f07;2.151;+++;Alcaligenes faecalis;511;db7e83a7-b70c-4b0d-984f-ecae82f14e10;13.febr;+++;Alcaligenes faecalis;32001;97a5a6c9-bba7-4549-bf29-106a7a6265cf;2.083;+++;Alcaligenes faecalis;32001;db920dd1-7052-404c-b0dc-a5010887ed42;2.065;+;Alcaligenes faecalis;32001;37787a29-d612-41f1-9050-588ca23779b7;1.914;+;Alcaligenes faecalis;32001;75babe78-b9a4-4787-abec-bce78941d4c6;1.907;+;Alcaligenes faecalis;171260;75c2b114-77fc-498c-bb9b-7ebe118024ce;1.741;+;Alcaligenes faecalis;32001;8ed858d5-beb9-4f7b-a55b-9ceb0b38cad2;1.722;
MP_15075_ID1011025858;DMHL - Dorogi Mikrobiológiai és Higiénés Labor_2020-07-29;+++;Bacteroides fragilis;817;fb5f3c8c-b102-497c-b132-f96889e802ce;2.501;+++;Bacteroides fragilis;817;76bd6d0e-fffa-4b2d-984a-cc47da3f164a;2.455;+++;Bacteroides fragilis;817;c6968069-f89f-4fb6-a4e4-7b1378afed58;2.453;+++;Bacteroides fragilis;817;9314b575-3792-41ea-86b5-fd033a796bb9;2.447;+++;Bacteroides fragilis;817;2e2c8e18-b9e5-4c58-918b-b611af9151a6;2.439;+++;Bacteroides fragilis;817;cc259805-3965-4664-9a9b-7ecbe15ab515;2.404;+++;Bacteroides fragilis;817;c67359ca-56ff-4150-8cd8-f85d7e796af8;2.355;+++;Bacteroides fragilis;817;5d847de6-829a-4791-938b-24811ca67285;2.346;+++;Bacteroides fragilis;817;98b8a88c-bb78-49b9-83f4-f806e04cc385;2.34;+++;Bacteroides fragilis;817;60ef4de2-c63b-4264-899c-99fc911f61e9;2.327;
MP_15076_ID1011025858;DMHL - Dorogi Mikrobiológiai és Higiénés Labor_2020-07-29;+++;Bacteroides fragilis;817;cc259805-3965-4664-9a9b-7ecbe15ab515;2.537;+++;Bacteroides fragilis;817;fb5f3c8c-b102-497c-b132-f96889e802ce;2.533;+++;Bacteroides fragilis;817;2e2c8e18-b9e5-4c58-918b-b611af9151a6;2.509;+++;Bacteroides fragilis;817;9314b575-3792-41ea-86b5-fd033a796bb9;2.497;+++;Bacteroides fragilis;817;5d847de6-829a-4791-938b-24811ca67285;2.477;+++;Bacteroides fragilis;817;c6968069-f89f-4fb6-a4e4-7b1378afed58;2.384;+++;Bacteroides fragilis;817;c5416716-b9aa-4618-a282-b50c13bc7fe8;2.376;+++;Bacteroides fragilis;817;76bd6d0e-fffa-4b2d-984a-cc47da3f164a;2.376;+++;Bacteroides fragilis;817;60ef4de2-c63b-4264-899c-99fc911f61e9;2.364;+++;Bacteroides fragilis;817;98b8a88c-bb78-49b9-83f4-f806e04cc385;2.251;
MP_15077_ID1011025858;DMHL - Dorogi Mikrobiológiai és Higiénés Labor_2020-07-29;+++;Bacteroides thetaiotaomicron;818;8d2e6f5d-97f7-459f-8f98-562fbc5efb09;2.058;+;Bacteroides thetaiotaomicron;818;c97f847a-5af6-44f5-84c2-91e0deb62567;1.997;+;Bacteroides thetaiotaomicron;818;6b4fc9af-6a98-49ef-9b03-b2436aa1e427;1.99;+;Bacteroides thetaiotaomicron;818;4b85c3e2-4836-435a-8d2f-984c6e49e58a;1.981;+;Bacteroides thetaiotaomicron;818;42e63715-553f-40f3-a962-8168f6e7b7ad;1.969;+;Bacteroides thetaiotaomicron;818;5de9eaf8-c1ec-460a-af35-74cdd4a29cd9;1.949;+;Bacteroides thetaiotaomicron;818;5c9db9d4-278b-4b91-8435-abd40eb5c785;1.884;+;Bacteroides thetaiotaomicron;818;1fed1b3f-2606-4988-8837-4dcf59b5b1ca;1.869;+;Bacteroides faecis;816;1e0f5b9f-a7d5-4e73-95b3-cd63be01444c;1.712;-;not reliable identification;E1;3180d3ad-317b-4588-bd63-6b6e1b982e90;1.685;
MP_15078_ID1011025858;DMHL - Dorogi Mikrobiológiai és Higiénés Labor_2020-07-29;+++;Ralstonia pickettii;329;0f9b6822-7e49-47c3-842f-7a730d5e5488;2.475;+++;Ralstonia pickettii;329;de038ebd-da62-4d41-a1e0-f27da4ab2138;2.467;+++;Ralstonia pickettii;329;9db34d6d-c073-4c19-a27c-9f42965f4cf3;2.423;+++;Ralstonia pickettii;329;d4b68cc5-555f-496c-919a-324e8ad43fc4;2.326;+++;Ralstonia pickettii;329;5142b26e-ec1a-42a5-b743-f766fef39437;2.315;+++;Ralstonia pickettii;329;1129a500-570e-4c44-b53a-5397cd44695c;2.218;+++;Ralstonia pickettii;329;57dee7d6-a4cb-4232-96bf-181896fd3b2b;2.196;+++;Ralstonia pickettii;329;f58e3b8f-bf9c-481b-a127-3dca089d6afb;2.189;+++;Ralstonia pickettii;329;eb9b3bf5-212a-43c6-8f70-c2b2c8ea0c56;15.febr;+;Ralstonia mannitolilytica;105219;306e5cc1-f1c1-4648-a55e-319f3c30aeba;1.757;
MP_15079_ID1011025858;DMHL - Dorogi Mikrobiológiai és Higiénés Labor_2020-07-29;+++;Comamonas testosteroni;285;b7ebd43c-ca4e-4387-9333-c5a9d3f1b418;2.306;+;Comamonas testosteroni;285;12c23922-3921-45ac-b04c-a470a94cce77;1.879;-;not reliable identification;E1;174c22b9-243c-4231-9471-2cdf81916163;1.556;-;not reliable identification;E1;bb056c72-aad9-40ce-9eb2-94513cc2da6f;1.448;-;not reliable identification;E1;2aab5ffa-48f7-419c-9c83-7d386c8cf9b4;1.36;-;not reliable identification;E1;dcbadfc6-d4ab-4303-98b6-7568ca222d07;1.311;-;not reliable identification;E1;74b025b0-04a9-4da3-9ed1-0a71e17c9826;1.254;-;not reliable identification;E1;bc4ccc94-5b81-4820-876e-97f39e4fa49f;22.jan;-;not reliable identification;E1;f4fe44f6-10c1-4e6a-9e80-73f417685556;1.214;-;not reliable identification;E1;35b5019c-014a-4674-a400-e71eefa9a359;1.213;
MP_15080_ID1011025858;DMHL - Dorogi Mikrobiológiai és Higiénés Labor_2020-07-29;+++;Campylobacter jejuni;197;f0129499-564e-4f1b-a88e-da8ac5ed807d;2.448;+++;Campylobacter jejuni;197;26f8d597-c5ee-4e04-a041-1c4b797996c4;2.424;+++;Campylobacter jejuni;32022;ca343fd5-8d43-4f46-bd7d-82cd9805151c;2.339;+++;Campylobacter jejuni;197;8f4e602f-7e2e-4ec9-9e0c-dc975a41a0be;2.198;+++;Campylobacter jejuni;197;c0681964-45e2-4289-836c-5ee330adc882;2.169;+;Campylobacter jejuni;32021;73a4ce0b-1d56-4722-a974-04bd28340571;1.768;+;Campylobacter jejuni;197;2da52529-5bfd-4ae7-a87f-321c030ee571;1.732;-;not reliable identification;E1;d2c4741c-93c0-4af2-b58c-acb6f97a984e;1.688;-;not reliable identification;E1;237819a1-02da-40bd-a589-37979502c258;1.671;-;not reliable identification;E1;243c1c5e-6351-44f1-8f5c-024b44081708;1.653;
MP_15081_ID1011025858;DMHL - Dorogi Mikrobiológiai és Higiénés Labor_2020-07-29;+++;Campylobacter jejuni;197;26f8d597-c5ee-4e04-a041-1c4b797996c4;2.467;+++;Campylobacter jejuni;197;f0129499-564e-4f1b-a88e-da8ac5ed807d;2.352;+++;Campylobacter jejuni;32022;ca343fd5-8d43-4f46-bd7d-82cd9805151c;2.234;+++;Campylobacter jejuni;197;8f4e602f-7e2e-4ec9-9e0c-dc975a41a0be;2.177;+++;Campylobacter jejuni;197;c0681964-45e2-4289-836c-5ee330adc882;04.febr;+;Campylobacter jejuni;32021;73a4ce0b-1d56-4722-a974-04bd28340571;1.852;+;Campylobacter jejuni;32021;d2c4741c-93c0-4af2-b58c-acb6f97a984e;1.847;+;Campylobacter jejuni;197;2da52529-5bfd-4ae7-a87f-321c030ee571;1.836;+;Campylobacter jejuni;32021;90e6e906-f072-45a1-b803-44daa802371c;1.807;-;not reliable identification;E1;237819a1-02da-40bd-a589-37979502c258;1.688;
MP_15082_ID1011025858;DMHL - Dorogi Mikrobiológiai és Higiénés Labor_2020-07-29;+++;Massilia timonae;47229;59c914df-b820-405f-aee5-cb768163f6fb;2.318;+++;Massilia oculi;149698;339a3d15-99b4-40db-93bb-966b11e9fea6;02.febr;+;Massilia timonae;47229;87bfe76c-d428-4736-9174-04d4819eff49;1.914;-;not reliable identification;E1;5b69fe9c-1659-4709-895d-b830e46e7dc3;1.583;-;not reliable identification;E1;3dfe0758-b3b4-43f1-a1e7-53d31f5e33c7;1.535;-;not reliable identification;E1;039d74e0-488c-4980-817c-07e77193962d;1.462;-;not reliable identification;E1;aff4566e-2a08-457e-b18e-71191c4de729;1.367;-;not reliable identification;E1;121c997d-07c3-4d6b-bd9e-48c2699f378c;1.362;-;not reliable identification;E1;93bada9e-a721-4486-b746-1cbc1f0d56c9;1.353;-;not reliable identification;E1;3a941a0f-8b27-4c43-a8f2-53c930841546;1.313;
MP_15083_ID1011025858;DMHL - Dorogi Mikrobiológiai és Higiénés Labor_2020-07-29;+++;Ralstonia pickettii;329;0f9b6822-7e49-47c3-842f-7a730d5e5488;2.162;+++;Ralstonia pickettii;329;9db34d6d-c073-4c19-a27c-9f42965f4cf3;2.083;+++;Ralstonia pickettii;329;de038ebd-da62-4d41-a1e0-f27da4ab2138;2.012;+;Ralstonia pickettii;329;5142b26e-ec1a-42a5-b743-f766fef39437;1.882;+;Ralstonia pickettii;329;d4b68cc5-555f-496c-919a-324e8ad43fc4;1.876;-;not reliable identification;E1;f58e3b8f-bf9c-481b-a127-3dca089d6afb;1.69;-;not reliable identification;E1;57dee7d6-a4cb-4232-96bf-181896fd3b2b;1.688;-;not reliable identification;E1;1129a500-570e-4c44-b53a-5397cd44695c;1.627;-;not reliable identification;E1;eb9b3bf5-212a-43c6-8f70-c2b2c8ea0c56;1.521;-;not reliable identification;E1;306e5cc1-f1c1-4648-a55e-319f3c30aeba;1.478;
MP_15084_ID1011025858;DMHL - Dorogi Mikrobiológiai és Higiénés Labor_2020-07-29;+++;Methylobacterium rhodesianum;29427;2a9d9b79-3e78-4486-b206-b19aa171caf1;2.136;-;not reliable identification;E1;6c43ed86-a0b5-4608-8a61-4a37a7f644e6;1.677;-;not reliable identification;E1;0e84bbb1-858b-4fc1-951f-60acded236b0;1.596;-;not reliable identification;E1;f414d4ea-92ec-4e0b-8c0a-74a7b616889a;1.585;-;not reliable identification;E1;d61c40b9-873a-487c-bad4-6ec90ec938e1;1.481;-;not reliable identification;E1;bdba28f4-5fc5-4bd1-bc5e-fcb3cef35fa8;1.444;-;not reliable identification;E1;529cf63f-9914-427a-be24-4b6796c0f0f4;1.367;-;not reliable identification;E1;8e94da77-07d7-4934-969e-596e7bd0c5cd;1.268;-;not reliable identification;E1;80b63858-afce-4c22-beb1-528b5f025a66;1.207;-;not reliable identification;E1;17d1bde1-8efe-49b3-adad-5fd29198dc73;1.206;
MP_15085_ID1011025858;DMHL - Dorogi Mikrobiológiai és Higiénés Labor_2020-07-29;-;not reliable identification;E1;dd87e995-c7ff-4ff4-810a-85a22a5aecc1;1.336;-;not reliable identification;E1;ad5ea7b1-b4b6-4dc4-8f99-37e595bfade0;1.268;-;not reliable identification;E1;3aeab832-91a1-4efc-97c1-5283d517fbcb;1.235;-;not reliable identification;E1;df2631ab-4a50-4465-925f-a09027f5da1e;1.217;-;not reliable identification;E1;e556af18-3500-4f83-ba45-e9bb7bc52302;1.201;-;not reliable identification;E1;60fa1f05-8fd3-496a-87f4-af530f841bd3;1.198;-;not reliable identification;E1;db1f4841-5d26-415a-91ed-2290764bcbaf;1.157;-;not reliable identification;E1;04dabe76-32c1-46e2-955d-6be7216a5704;1.134;-;not reliable identification;E1;abd230a1-4164-4099-8f73-8a116375afae;1.129;-;not reliable identification;E1;e44bd906-e212-4bb9-aa44-64f3769e76c6;1.125;
MP_15086_ID1011025858;DMHL - Dorogi Mikrobiológiai és Higiénés Labor_2020-07-29;-;not reliable identification;E1;631e1d31-81bd-4f97-b16b-195a5e43cfa9;1.177;-;not reliable identification;E1;ca1716e8-06ca-43c7-ac9e-a938a0d138f8;1.143;-;not reliable identification;E1;8309b352-3e1e-4f8c-a9c2-c81ba6150315;1.136;-;not reliable identification;E1;ef67664d-ff79-432d-b455-6ac09153738a;43831;-;not reliable identification;E1;2f855544-ce1d-4698-a6ae-5d8cf843a39e;1.097;-;not reliable identification;E1;df184ceb-fbfa-4a12-bab7-2846eb67cdfe;1.091;-;not reliable identification;E1;c9f47094-7531-4847-a14e-e2fc6dad75ff;43839;-;not reliable identification;E1;36bee6eb-7a86-43e3-b293-d3e465e4d09a;1.067;-;not reliable identification;E1;3f402e73-bcef-40b1-9014-8a28878f12c5;1.057;-;not reliable identification;E1;c2c27398-e087-41d6-ba3c-dfb8a7f100ea;1.045;
MP_15087_ID1011025858;DMHL - Dorogi Mikrobiológiai és Higiénés Labor_2020-07-29;-;not reliable identification;E1;ceaac282-c291-4701-8005-3887bb4e9780;1.438;-;not reliable identification;E1;8140a502-6d82-44f4-9670-e4f43e25e4b0;1.263;-;not reliable identification;E1;3007f1f2-3de1-4149-8591-86074214f529;1.255;-;not reliable identification;E1;ff08f8a1-ad13-4d0f-b973-d25b10c79d6e;1.254;-;not reliable identification;E1;2f855544-ce1d-4698-a6ae-5d8cf843a39e;1.244;-;not reliable identification;E1;88f17dda-8f73-455f-a28c-61640a3a21f7;1.171;-;not reliable identification;E1;3f60fc10-0a30-4716-bf82-4d98bc19e3d1;1.165;-;not reliable identification;E1;21b784c9-4c81-4692-87ea-afa31d471b05;1.164;-;not reliable identification;E1;2728533a-0105-4c3e-9a13-a15a18b192aa;1.163;-;not reliable identification;E1;7851d277-a473-412b-a9e8-c718cdb75a0c;1.139;
MP_15088_ID1011025858;DMHL - Dorogi Mikrobiológiai és Higiénés Labor_2020-07-29;+++;Enterococcus faecium;1352;bb3fe81e-5ed8-4ff4-95bb-7f6ba07a768b;2.529;+++;Enterococcus faecium;1352;1a6211c6-69cb-4d4b-adb9-14528d6d6ea3;2.475;+++;Enterococcus faecium;1352;4509804f-448d-4303-a725-bbab15634749;2.455;+++;Enterococcus faecium;1352;caac92db-8113-4025-90f6-e6bdc2fb292d;2.447;+++;Enterococcus faecium;1352;264f9861-5740-4cf1-a735-5ec226c1d277;2.414;+++;Enterococcus faecium;1352;969dbc56-912b-4c02-92a4-49d0c49091d7;2.314;+++;Enterococcus faecium;1352;8d1f2790-fd62-4e33-9d0d-c84b048036e1;2.257;+++;Enterococcus faecium;1352;f1c60cab-6784-46e3-a2ea-2a1ef926f443;2.239;+++;Enterococcus faecium;1352;3414485a-fabc-425f-90a0-57c3d734379d;2.101;+;Enterococcus villorum;112904;790192b4-a055-4876-afd0-703332674418;1.908;
MP_15089_ID1011025858;DMHL - Dorogi Mikrobiológiai és Higiénés Labor_2020-07-29;+++;Enterococcus faecium;1352;1a6211c6-69cb-4d4b-adb9-14528d6d6ea3;2.582;+++;Enterococcus faecium;1352;bb3fe81e-5ed8-4ff4-95bb-7f6ba07a768b;2.523;+++;Enterococcus faecium;1352;caac92db-8113-4025-90f6-e6bdc2fb292d;2.44;+++;Enterococcus faecium;1352;4509804f-448d-4303-a725-bbab15634749;2.399;+++;Enterococcus faecium;1352;264f9861-5740-4cf1-a735-5ec226c1d277;2.313;+++;Enterococcus faecium;1352;8d1f2790-fd62-4e33-9d0d-c84b048036e1;2.312;+++;Enterococcus faecium;1352;969dbc56-912b-4c02-92a4-49d0c49091d7;2.252;+++;Enterococcus faecium;1352;f1c60cab-6784-46e3-a2ea-2a1ef926f443;2.244;+++;Enterococcus faecium;1352;3414485a-fabc-425f-90a0-57c3d734379d;2.165;+++;Enterococcus faecium;1352;687e9f4b-2bba-406e-b089-14db8183ff00;2.129;
MP_15090_ID1011025858;DMHL - Dorogi Mikrobiológiai és Higiénés Labor_2020-07-29;+++;Escherichia coli;562;13a7f9d9-6248-415b-bb12-ca4fe9082a8c;2.297;+++;Escherichia coli;562;beca17ff-a591-440f-8f9e-7ef5b9c3d1ce;2.179;+++;Escherichia coli;562;3f402e73-bcef-40b1-9014-8a28878f12c5;2.178;+++;Escherichia coli;562;9ee45974-40c5-426a-a849-ee627f18bbbc;2.154;+++;Escherichia coli;562;879137bf-678f-4d58-a599-fa9090c29832;14.febr;+++;Escherichia coli;562;12486f06-3abc-4c64-a35e-f33002b47178;2.127;+++;Escherichia coli;562;689fb704-a4f4-46d6-92c7-0e5936a639a5;2.087;+++;Escherichia coli;562;d44b0ddd-78fc-48e5-80c3-08291aaef29c;2.083;+++;Escherichia coli;562;631e1d31-81bd-4f97-b16b-195a5e43cfa9;2.018;+++;Escherichia coli;562;2d24f556-4c5d-4f55-bc0b-6b8e39158181;2.002;
