MP_91229_ID1011026780;DMHL - Dorogi Mikrobiológiai és Higiénés Labor_2020-09-15;+;Kocuria rhizophila;72000;6f448d45-d04f-40e8-8dba-50ca480f76d5;1.893;+;Kocuria rhizophila;72000;84e921b7-c8a6-4c51-a0b9-94eb5e3aa00a;1.882;+;Kocuria rhizophila;72000;db2b8bd9-fb02-42c9-8163-4ec1f548fb67;1.882;-;not reliable identification;E1;e6e99f21-ea3d-4710-94bb-d77fb817f3e0;1.584;-;not reliable identification;E1;0f4471ce-d955-4890-9910-a9e3405653e8;1.564;-;not reliable identification;E1;76e34ae8-5b3f-41a0-b32b-ec3590675640;1.402;-;not reliable identification;E1;f1ccb9bb-d088-4aca-90eb-d1552cb01090;1.386;-;not reliable identification;E1;4a3d3a36-efd2-4dc9-8cd3-93ebd7c8b4a7;1.375;-;not reliable identification;E1;72dad1df-6d69-4692-aed8-f47b73371172;1.368;-;not reliable identification;E1;469bb56b-05bc-423b-94bb-2e7fc8ceaa0b;1.362
MP_91230_ID1011026780;DMHL - Dorogi Mikrobiológiai és Higiénés Labor_2020-09-15;+++;Kocuria rhizophila;72000;6f448d45-d04f-40e8-8dba-50ca480f76d5;2.044;+++;Kocuria rhizophila;72000;db2b8bd9-fb02-42c9-8163-4ec1f548fb67;2.043;+++;Kocuria rhizophila;72000;84e921b7-c8a6-4c51-a0b9-94eb5e3aa00a;2.007;-;not reliable identification;E1;f1ccb9bb-d088-4aca-90eb-d1552cb01090;1.699;-;not reliable identification;E1;0f4471ce-d955-4890-9910-a9e3405653e8;1.687;-;not reliable identification;E1;e2d75231-4ba4-4616-b5f2-e2542ab1c424;1.591;-;not reliable identification;E1;e6e99f21-ea3d-4710-94bb-d77fb817f3e0;1.326;-;not reliable identification;E1;3df9583b-89aa-496d-94fe-84f7cae12218;1.188;-;not reliable identification;E1;4a3d3a36-efd2-4dc9-8cd3-93ebd7c8b4a7;1.175;-;not reliable identification;E1;89e3de78-a2d1-4aa3-b9bd-be052112d5a4;1.173
MP_91231_ID1011026780;DMHL - Dorogi Mikrobiológiai és Higiénés Labor_2020-09-15;+++;Staphylococcus hominis;1290;605f3c45-5813-4f3b-a6b5-167657d17554;2.141;+++;Staphylococcus hominis;145393;5e23b082-76aa-4165-b045-a5d492cfc0f4;2.057;+++;Staphylococcus hominis;1290;ea5a5ac9-9ac0-4140-9847-5ab41db0adcd;2.045;+++;Staphylococcus hominis;145391;7b34c231-ee3b-4b58-bf7f-80de1314ce76;2.021;+;Staphylococcus hominis;1290;6dc4986b-ecd2-437c-8e4d-6d95b5336e8c;1.888;+;Staphylococcus hominis;145391;cb25c9df-d4c9-4510-9627-ac25c9d32102;1.861;+;Staphylococcus hominis;145391;361808e4-83a8-45a7-9482-a3ab48717b0a;1.843;+;Staphylococcus hominis;1290;e42fa5b3-2a7d-46d6-b2e9-f55f49b91e95;1.838;-;not reliable identification;E1;70588a60-89e1-4f56-9f47-3c2ac3b9032d;1.671;-;not reliable identification;E1;beec53ae-2e07-4400-8077-cd2fbf74766f;1.613
MP_91232_ID1011026780;DMHL - Dorogi Mikrobiológiai és Higiénés Labor_2020-09-15;+++;Staphylococcus haemolyticus;1283;47e7c312-231a-4f79-a192-9dccad334d7c;2.018;+;Staphylococcus haemolyticus;1283;4e977d76-2fa4-4a91-842d-dfb21e083370;1.809;-;not reliable identification;E1;5e0d2b36-f285-4c37-b3f8-8a957c1b54b5;1.69;-;not reliable identification;E1;61b34193-e250-4efa-9fc9-2057aa633e28;1.662;-;not reliable identification;E1;ad4829e0-beb1-4f06-9d16-e3bd1707afb2;1.639;-;not reliable identification;E1;451d1f50-5b99-4280-b8cb-cff5f725a5d8;1.581;-;not reliable identification;E1;953bb888-aa4d-416b-8fd8-d3e075c9cc36;1.532;-;not reliable identification;E1;bb1d3135-1a65-486b-8740-a5704725bf02;1.522;-;not reliable identification;E1;c36e44ee-514d-4ba3-a77a-244e0e01929f;1.519;-;not reliable identification;E1;e0cf2631-486b-49d3-ad09-9e8895af1c64;1.488
MP_91233_ID1011026780;DMHL - Dorogi Mikrobiológiai és Higiénés Labor_2020-09-15;+++;Staphylococcus epidermidis;1282;affdd5db-be8f-4ee6-b395-757b3b820a98;2.161;+++;Staphylococcus epidermidis;1282;b487a1e3-895e-49ae-bc1c-e940757982cc;2.016;+;Staphylococcus epidermidis;1282;ca61ac93-70f3-4aba-a3cd-b69ba1df29c9;1.989;+;Staphylococcus epidermidis;1282;cbefbe40-89e4-438c-81ca-ac8d312eda6d;1.961;+;Staphylococcus epidermidis;1282;cf58e860-e8a8-42cb-9f41-cfea4536d54e;1.959;+;Staphylococcus epidermidis;1282;219bdfd0-cd3d-48ae-a3ed-1245691e8c9e;1.89;+;Staphylococcus epidermidis;1282;d8f3d81b-5949-4fec-96db-056d2d22cab7;1.78;+;Staphylococcus epidermidis;1282;fc503196-43eb-4d43-ba09-406712713928;1.773;-;not reliable identification;E1;84f155e4-1600-46a5-afea-eafb27233290;1.579;-;not reliable identification;E1;a0157aa1-1cb4-419c-8239-075355610383;1.467
MP_91234_ID1011026780;DMHL - Dorogi Mikrobiológiai és Higiénés Labor_2020-09-15;+++;Micrococcus luteus;1270;beec53ae-2e07-4400-8077-cd2fbf74766f;2.404;+++;Micrococcus luteus;1270;03baea4f-ab2e-41fa-b92c-57426f337467;2.294;+++;Micrococcus luteus;1270;df205b83-8258-4046-aa99-d71c818c6628;2.186;+++;Micrococcus luteus;1270;b8c350c2-ef58-45bd-bd2e-cb21c4978e0d;2.132;+++;Micrococcus luteus;1270;6ed61691-9887-4655-a4a7-2fbbc2bc9d05;2.113;+++;Micrococcus luteus;1270;70588a60-89e1-4f56-9f47-3c2ac3b9032d;2.103;+++;Micrococcus luteus;1270;9e126652-4575-4da4-99b5-5f8495523218;2.091;+++;Micrococcus luteus;1270;8a9c776c-2313-4855-8887-5aff2ca98ff9;2.069;+;Micrococcus luteus;1270;a4ed63bb-50dc-409f-a34d-d85c8ca123be;1.988;+;Micrococcus luteus;1270;7e64b71c-e9cd-4869-8f9d-4fa2b2e86d5b;1.945
MP_91235_ID1011026780;DMHL - Dorogi Mikrobiológiai és Higiénés Labor_2020-09-15;+++;Micrococcus luteus;1270;9e126652-4575-4da4-99b5-5f8495523218;2.36;+++;Micrococcus luteus;1270;beec53ae-2e07-4400-8077-cd2fbf74766f;2.279;+++;Micrococcus luteus;1270;df205b83-8258-4046-aa99-d71c818c6628;2.214;+++;Micrococcus luteus;1270;03baea4f-ab2e-41fa-b92c-57426f337467;2.179;+++;Micrococcus luteus;1270;70588a60-89e1-4f56-9f47-3c2ac3b9032d;2.177;+++;Micrococcus luteus;1270;8a9c776c-2313-4855-8887-5aff2ca98ff9;2.159;+++;Micrococcus luteus;1270;6ed61691-9887-4655-a4a7-2fbbc2bc9d05;2.066;+;Micrococcus luteus;1270;7e64b71c-e9cd-4869-8f9d-4fa2b2e86d5b;1.912;+;Micrococcus luteus;1270;b8c350c2-ef58-45bd-bd2e-cb21c4978e0d;1.851;+;Micrococcus luteus;1270;a4ed63bb-50dc-409f-a34d-d85c8ca123be;1.761
MP_91236_ID1011026780;DMHL - Dorogi Mikrobiológiai és Higiénés Labor_2020-09-15;+++;Micrococcus luteus;1270;03baea4f-ab2e-41fa-b92c-57426f337467;2.201;+++;Micrococcus luteus;1270;70588a60-89e1-4f56-9f47-3c2ac3b9032d;2.179;+++;Micrococcus luteus;1270;9e126652-4575-4da4-99b5-5f8495523218;2.159;+++;Micrococcus luteus;1270;8a9c776c-2313-4855-8887-5aff2ca98ff9;2.137;+++;Micrococcus luteus;1270;a4ed63bb-50dc-409f-a34d-d85c8ca123be;2.036;+++;Micrococcus luteus;1270;6ed61691-9887-4655-a4a7-2fbbc2bc9d05;2.029;+++;Micrococcus luteus;1270;7e64b71c-e9cd-4869-8f9d-4fa2b2e86d5b;2.023;+;Micrococcus luteus;1270;beec53ae-2e07-4400-8077-cd2fbf74766f;1.993;+;Micrococcus luteus;1270;df205b83-8258-4046-aa99-d71c818c6628;1.966;+;Micrococcus luteus;1270;b8c350c2-ef58-45bd-bd2e-cb21c4978e0d;1.793
MP_91237_ID1011026780;DMHL - Dorogi Mikrobiológiai és Higiénés Labor_2020-09-15;+++;Micrococcus luteus;1270;beec53ae-2e07-4400-8077-cd2fbf74766f;2.328;+++;Micrococcus luteus;1270;df205b83-8258-4046-aa99-d71c818c6628;17.febr;+++;Micrococcus luteus;1270;70588a60-89e1-4f56-9f47-3c2ac3b9032d;2.127;+++;Micrococcus luteus;1270;b8c350c2-ef58-45bd-bd2e-cb21c4978e0d;2.099;+++;Micrococcus luteus;1270;8a9c776c-2313-4855-8887-5aff2ca98ff9;08.febr;+++;Micrococcus luteus;1270;03baea4f-ab2e-41fa-b92c-57426f337467;07.febr;+++;Micrococcus luteus;1270;a4ed63bb-50dc-409f-a34d-d85c8ca123be;2.019;+++;Micrococcus luteus;1270;6ed61691-9887-4655-a4a7-2fbbc2bc9d05;2;+;Micrococcus luteus;1270;7e64b71c-e9cd-4869-8f9d-4fa2b2e86d5b;1.859;+;Micrococcus luteus;1270;9e126652-4575-4da4-99b5-5f8495523218;1.858
MP_91238_ID1011026780;DMHL - Dorogi Mikrobiológiai és Higiénés Labor_2020-09-15;+++;Kocuria rhizophila;72000;db2b8bd9-fb02-42c9-8163-4ec1f548fb67;2.149;+++;Kocuria rhizophila;72000;84e921b7-c8a6-4c51-a0b9-94eb5e3aa00a;14.febr;+++;Kocuria rhizophila;72000;6f448d45-d04f-40e8-8dba-50ca480f76d5;2.081;+;Kocuria rhizophila;72000;f1ccb9bb-d088-4aca-90eb-d1552cb01090;1.836;+;Kocuria salsicia;57493;e2d75231-4ba4-4616-b5f2-e2542ab1c424;1.728;-;not reliable identification;E1;e6e99f21-ea3d-4710-94bb-d77fb817f3e0;1.52;-;not reliable identification;E1;0f4471ce-d955-4890-9910-a9e3405653e8;1.366;-;not reliable identification;E1;4a3d3a36-efd2-4dc9-8cd3-93ebd7c8b4a7;1.356;-;not reliable identification;E1;07984d1e-16f4-48bb-b541-d8a4b4a60428;1.343;-;not reliable identification;E1;72dad1df-6d69-4692-aed8-f47b73371172;1.277
MP_91239_ID1011026780;DMHL - Dorogi Mikrobiológiai és Higiénés Labor_2020-09-15;+++;Staphylococcus haemolyticus;1283;47e7c312-231a-4f79-a192-9dccad334d7c;2.335;+;Staphylococcus haemolyticus;1283;bb1d3135-1a65-486b-8740-a5704725bf02;1.997;+;Staphylococcus haemolyticus;1283;c36e44ee-514d-4ba3-a77a-244e0e01929f;1.959;+;Staphylococcus haemolyticus;1283;5e0d2b36-f285-4c37-b3f8-8a957c1b54b5;1.937;+;Staphylococcus haemolyticus;1283;4e977d76-2fa4-4a91-842d-dfb21e083370;1.887;+;Staphylococcus haemolyticus;1283;37f3ad54-a305-4c0d-a883-fd1492bfdf2d;1.872;+;Staphylococcus haemolyticus;1283;f2959610-ea1d-41e0-b391-d5b7502a3ac5;1.833;+;Staphylococcus haemolyticus;1283;a17b8a09-e99a-41b2-b121-255c6e33b567;1.832;+;Staphylococcus haemolyticus;1283;e4efd75f-bbb0-4c0f-89d2-9e180310609d;1.827;-;not reliable identification;E1;451d1f50-5b99-4280-b8cb-cff5f725a5d8;1.641
MP_91240_ID1011026780;DMHL - Dorogi Mikrobiológiai és Higiénés Labor_2020-09-15;+++;Bacillus pumilus;1408;2c98da27-cd92-4523-9255-ae7a3d4102e1;2.001;+;Bacillus pumilus;1408;e94e92e7-788c-4ee2-a2c1-138bdb9576f1;1.973;+;Bacillus pumilus;1408;dc604f60-4c5c-4615-bf93-da24bf9670b9;1.926;+;Bacillus pumilus;1408;c6d27244-41c4-42ea-806f-bc46807f718c;1.891;+;Bacillus sp[4];1386;e4eea089-50df-41e8-a8af-c1710415b68a;1.734;-;not reliable identification;E1;11915fbe-a68f-4cc9-8083-779b38c5f563;1.676;-;not reliable identification;E1;18e20862-53a5-4086-b03d-92a058d75291;1.569;-;not reliable identification;E1;eb006794-c137-4d4b-9c20-d4b5a43baadd;1.468;-;not reliable identification;E1;3850f2a3-91ee-4832-a6bd-1e6498f8658a;1.44;-;not reliable identification;E1;aaa58427-6553-4d5c-a97a-5ba369253fc8;1.379
MP_91241_ID1011026780;DMHL - Dorogi Mikrobiológiai és Higiénés Labor_2020-09-15;+++;Micrococcus luteus;1270;beec53ae-2e07-4400-8077-cd2fbf74766f;2.342;+++;Micrococcus luteus;1270;df205b83-8258-4046-aa99-d71c818c6628;2.244;+++;Micrococcus luteus;1270;03baea4f-ab2e-41fa-b92c-57426f337467;2.105;+++;Micrococcus luteus;1270;b8c350c2-ef58-45bd-bd2e-cb21c4978e0d;2.099;+++;Micrococcus luteus;1270;6ed61691-9887-4655-a4a7-2fbbc2bc9d05;2.096;+++;Micrococcus luteus;1270;70588a60-89e1-4f56-9f47-3c2ac3b9032d;2.075;+++;Micrococcus luteus;1270;8a9c776c-2313-4855-8887-5aff2ca98ff9;04.febr;+++;Micrococcus luteus;1270;9e126652-4575-4da4-99b5-5f8495523218;2.008;+;Micrococcus luteus;1270;7e64b71c-e9cd-4869-8f9d-4fa2b2e86d5b;1.94;+;Micrococcus luteus;1270;a4ed63bb-50dc-409f-a34d-d85c8ca123be;1.933
MP_91242_ID1011026780;DMHL - Dorogi Mikrobiológiai és Higiénés Labor_2020-09-15;+++;Staphylococcus haemolyticus;1283;47e7c312-231a-4f79-a192-9dccad334d7c;05.febr;+++;Staphylococcus haemolyticus;1283;4e977d76-2fa4-4a91-842d-dfb21e083370;2.095;+++;Staphylococcus haemolyticus;1283;37f3ad54-a305-4c0d-a883-fd1492bfdf2d;2.068;+++;Staphylococcus haemolyticus;1283;c36e44ee-514d-4ba3-a77a-244e0e01929f;2.061;+++;Staphylococcus haemolyticus;1283;a17b8a09-e99a-41b2-b121-255c6e33b567;2.039;+++;Staphylococcus haemolyticus;1283;bb1d3135-1a65-486b-8740-a5704725bf02;2.002;+;Staphylococcus haemolyticus;1283;f2959610-ea1d-41e0-b391-d5b7502a3ac5;1.984;+;Staphylococcus haemolyticus;1283;5e0d2b36-f285-4c37-b3f8-8a957c1b54b5;1.962;+;Staphylococcus haemolyticus;1283;e4efd75f-bbb0-4c0f-89d2-9e180310609d;1.827;+;Staphylococcus haemolyticus;1283;451d1f50-5b99-4280-b8cb-cff5f725a5d8;1.757
MP_91243_ID1011026780;DMHL - Dorogi Mikrobiológiai és Higiénés Labor_2020-09-15;+++;Staphylococcus hominis;1290;605f3c45-5813-4f3b-a6b5-167657d17554;2.009;+++;Staphylococcus hominis;1290;6dc4986b-ecd2-437c-8e4d-6d95b5336e8c;2.002;+;Staphylococcus hominis;145393;5e23b082-76aa-4165-b045-a5d492cfc0f4;1.961;+;Staphylococcus hominis;145391;7b34c231-ee3b-4b58-bf7f-80de1314ce76;1.959;+;Staphylococcus hominis;1290;ea5a5ac9-9ac0-4140-9847-5ab41db0adcd;1.876;+;Staphylococcus hominis;1290;e42fa5b3-2a7d-46d6-b2e9-f55f49b91e95;1.807;+;Staphylococcus hominis;145391;cb25c9df-d4c9-4510-9627-ac25c9d32102;1.737;-;not reliable identification;E1;361808e4-83a8-45a7-9482-a3ab48717b0a;1.699;-;not reliable identification;E1;82d4b174-7852-4af6-81bd-a90ac48c4ec8;1.455;-;not reliable identification;E1;35b83ab6-dcec-4167-9c3c-978975313643;1.378
MP_91244_ID1011026780;DMHL - Dorogi Mikrobiológiai és Higiénés Labor_2020-09-15;+++;Staphylococcus hominis;1290;605f3c45-5813-4f3b-a6b5-167657d17554;2.119;+++;Staphylococcus hominis;145393;5e23b082-76aa-4165-b045-a5d492cfc0f4;2.113;+++;Staphylococcus hominis;1290;ea5a5ac9-9ac0-4140-9847-5ab41db0adcd;01.febr;+++;Staphylococcus hominis;145391;cb25c9df-d4c9-4510-9627-ac25c9d32102;07.febr;+++;Staphylococcus hominis;145391;361808e4-83a8-45a7-9482-a3ab48717b0a;2.003;+;Staphylococcus hominis;1290;e42fa5b3-2a7d-46d6-b2e9-f55f49b91e95;1.975;+;Staphylococcus hominis;145391;7b34c231-ee3b-4b58-bf7f-80de1314ce76;1.921;+;Staphylococcus hominis;1290;6dc4986b-ecd2-437c-8e4d-6d95b5336e8c;1.882;-;not reliable identification;E1;263f37c8-2c7a-4d4b-97e2-252923304fb4;1.382;-;not reliable identification;E1;98f4ade2-6a6d-4696-946e-2bc0331c0c6a;1.286
MP_91245_ID1011026780;DMHL - Dorogi Mikrobiológiai és Higiénés Labor_2020-09-15;+++;Bacillus flexus;86664;e75270b2-bc95-4880-b34d-ca0c1b6ffdb4;2.264;+++;Bacillus flexus;86664;2253a9df-985b-47eb-a750-3219a0793fb8;2.262;-;not reliable identification;E1;27063a62-846a-46a5-8036-5ff1a3e57a7c;1.449;-;not reliable identification;E1;55a63ea3-124e-4699-8240-facc39858d80;1.437;-;not reliable identification;E1;c5699833-bfe9-490d-8f39-b557bcf05a31;1.411;-;not reliable identification;E1;6639d692-3c1a-465e-bdf1-5b1d59e7da64;1.327;-;not reliable identification;E1;a1db9dca-d1a6-4640-b547-62de8f7f65f3;1.291;-;not reliable identification;E1;ac1c6b43-2a03-41ec-8095-b4987c019aa9;1.251;-;not reliable identification;E1;c707dbcd-694e-4e4a-a12b-f2814f85809f;1.249;-;not reliable identification;E1;f7704dae-b6be-4920-a38a-2c31d67b8d5b;1.242
MP_91246_ID1011026780;DMHL - Dorogi Mikrobiológiai és Higiénés Labor_2020-09-15;+++;Staphylococcus haemolyticus;1283;47e7c312-231a-4f79-a192-9dccad334d7c;2.368;+;Staphylococcus haemolyticus;1283;c36e44ee-514d-4ba3-a77a-244e0e01929f;1.977;+;Staphylococcus haemolyticus;1283;4e977d76-2fa4-4a91-842d-dfb21e083370;1.97;+;Staphylococcus haemolyticus;1283;5e0d2b36-f285-4c37-b3f8-8a957c1b54b5;1.952;+;Staphylococcus haemolyticus;1283;f2959610-ea1d-41e0-b391-d5b7502a3ac5;1.927;+;Staphylococcus haemolyticus;1283;a17b8a09-e99a-41b2-b121-255c6e33b567;1.919;+;Staphylococcus haemolyticus;1283;37f3ad54-a305-4c0d-a883-fd1492bfdf2d;1.912;+;Staphylococcus haemolyticus;1283;bb1d3135-1a65-486b-8740-a5704725bf02;1.881;+;Staphylococcus haemolyticus;1283;e4efd75f-bbb0-4c0f-89d2-9e180310609d;1.752;-;not reliable identification;E1;ad4829e0-beb1-4f06-9d16-e3bd1707afb2;1.594
MP_91247_ID1011026780;DMHL - Dorogi Mikrobiológiai és Higiénés Labor_2020-09-15;+++;Paenarthrobacter aurescens;43663;955b7905-ad64-45d7-8b9a-629d0f895586;2.147;+;Paenarthrobacter aurescens;43663;a3ece689-3635-4002-8bd4-bdffc0d413b7;1.992;+;Paenarthrobacter aurescens;43663;155f4e50-6e6b-43aa-8f60-d4dffefa98b0;1.911;+;Paenarthrobacter ilicis;43665;8309b352-3e1e-4f8c-a9c2-c81ba6150315;1.846;+;Paenarthrobacter ureafaciens;37931;259f463d-3b3f-4ce3-ace9-c00504b7a768;1.759;+;Paenarthrobacter nicotinovorans;29320;977d2b31-b489-4eed-b40d-6674a9a9986a;1.742;-;not reliable identification;E1;fa15bcee-3df3-4b58-99cf-e87d01138a8d;1.688;-;not reliable identification;E1;d4242d09-6bff-4df3-aa07-fb4c95f04b13;1.685;-;not reliable identification;E1;efff71d6-e9f6-4261-b430-a2d13bfd2ced;1.676;-;not reliable identification;E1;fb5bcdc0-43c9-4446-9d28-7b5a9a006120;1.672
MP_91248_ID1011026780;DMHL - Dorogi Mikrobiológiai és Higiénés Labor_2020-09-16;+++;Staphylococcus epidermidis;1282;cf58e860-e8a8-42cb-9f41-cfea4536d54e;17.febr;+++;Staphylococcus epidermidis;1282;ca61ac93-70f3-4aba-a3cd-b69ba1df29c9;2.144;+++;Staphylococcus epidermidis;1282;affdd5db-be8f-4ee6-b395-757b3b820a98;2.143;+++;Staphylococcus epidermidis;1282;219bdfd0-cd3d-48ae-a3ed-1245691e8c9e;2.098;+++;Staphylococcus epidermidis;1282;fc503196-43eb-4d43-ba09-406712713928;2.061;+;Staphylococcus epidermidis;1282;d8f3d81b-5949-4fec-96db-056d2d22cab7;1.906;+;Staphylococcus epidermidis;1282;84f155e4-1600-46a5-afea-eafb27233290;1.841;+;Staphylococcus epidermidis;1282;b487a1e3-895e-49ae-bc1c-e940757982cc;1.76;-;not reliable identification;E1;2f7eae59-d395-4226-8734-f0f113d9abe9;1.604;-;not reliable identification;E1;cbefbe40-89e4-438c-81ca-ac8d312eda6d;1.592
MP_91249_ID1011026780;DMHL - Dorogi Mikrobiológiai és Higiénés Labor_2020-09-16;+++;Micrococcus luteus;1270;beec53ae-2e07-4400-8077-cd2fbf74766f;2.35;+++;Micrococcus luteus;1270;9e126652-4575-4da4-99b5-5f8495523218;2.328;+++;Micrococcus luteus;1270;8a9c776c-2313-4855-8887-5aff2ca98ff9;2.308;+++;Micrococcus luteus;1270;70588a60-89e1-4f56-9f47-3c2ac3b9032d;2.269;+++;Micrococcus luteus;1270;03baea4f-ab2e-41fa-b92c-57426f337467;2.258;+++;Micrococcus luteus;1270;6ed61691-9887-4655-a4a7-2fbbc2bc9d05;2.253;+++;Micrococcus luteus;1270;df205b83-8258-4046-aa99-d71c818c6628;2.235;+++;Micrococcus luteus;1270;7e64b71c-e9cd-4869-8f9d-4fa2b2e86d5b;2.062;+;Micrococcus luteus;1270;b8c350c2-ef58-45bd-bd2e-cb21c4978e0d;1.943;+;Micrococcus luteus;1270;a4ed63bb-50dc-409f-a34d-d85c8ca123be;1.907
MP_91250_ID1011026780;DMHL - Dorogi Mikrobiológiai és Higiénés Labor_2020-09-16;+++;Micrococcus luteus;1270;beec53ae-2e07-4400-8077-cd2fbf74766f;2.292;+++;Micrococcus luteus;1270;df205b83-8258-4046-aa99-d71c818c6628;2.259;+++;Micrococcus luteus;1270;9e126652-4575-4da4-99b5-5f8495523218;2.218;+++;Micrococcus luteus;1270;8a9c776c-2313-4855-8887-5aff2ca98ff9;2.215;+++;Micrococcus luteus;1270;70588a60-89e1-4f56-9f47-3c2ac3b9032d;19.febr;+++;Micrococcus luteus;1270;03baea4f-ab2e-41fa-b92c-57426f337467;15.febr;+++;Micrococcus luteus;1270;6ed61691-9887-4655-a4a7-2fbbc2bc9d05;2.133;+++;Micrococcus luteus;1270;a4ed63bb-50dc-409f-a34d-d85c8ca123be;2.007;+;Micrococcus luteus;1270;7e64b71c-e9cd-4869-8f9d-4fa2b2e86d5b;1.975;+;Micrococcus luteus;1270;b8c350c2-ef58-45bd-bd2e-cb21c4978e0d;1.956
MP_91251_ID1011026780;DMHL - Dorogi Mikrobiológiai és Higiénés Labor_2020-09-16;+++;Staphylococcus epidermidis;1282;affdd5db-be8f-4ee6-b395-757b3b820a98;2.006;+;Staphylococcus epidermidis;1282;b487a1e3-895e-49ae-bc1c-e940757982cc;1.907;+;Staphylococcus epidermidis;1282;cf58e860-e8a8-42cb-9f41-cfea4536d54e;1.899;+;Staphylococcus epidermidis;1282;ca61ac93-70f3-4aba-a3cd-b69ba1df29c9;1.897;+;Staphylococcus epidermidis;1282;219bdfd0-cd3d-48ae-a3ed-1245691e8c9e;1.767;+;Staphylococcus epidermidis;1282;cbefbe40-89e4-438c-81ca-ac8d312eda6d;1.745;+;Staphylococcus epidermidis;1282;d8f3d81b-5949-4fec-96db-056d2d22cab7;1.713;-;not reliable identification;E1;a0157aa1-1cb4-419c-8239-075355610383;1.652;-;not reliable identification;E1;fc503196-43eb-4d43-ba09-406712713928;1.65;-;not reliable identification;E1;54623dc2-837d-4643-8fd6-7e8dfb7ce814;1.635
MP_91252_ID1011026780;DMHL - Dorogi Mikrobiológiai és Higiénés Labor_2020-09-16;+++;Micrococcus luteus;1270;beec53ae-2e07-4400-8077-cd2fbf74766f;2.254;+++;Micrococcus luteus;1270;8a9c776c-2313-4855-8887-5aff2ca98ff9;2.172;+++;Micrococcus luteus;1270;70588a60-89e1-4f56-9f47-3c2ac3b9032d;14.febr;+++;Micrococcus luteus;1270;9e126652-4575-4da4-99b5-5f8495523218;2.123;+++;Micrococcus luteus;1270;df205b83-8258-4046-aa99-d71c818c6628;11.febr;+++;Micrococcus luteus;1270;6ed61691-9887-4655-a4a7-2fbbc2bc9d05;2.019;+;Micrococcus luteus;1270;03baea4f-ab2e-41fa-b92c-57426f337467;1.999;+;Micrococcus luteus;1270;b8c350c2-ef58-45bd-bd2e-cb21c4978e0d;1.978;+;Micrococcus luteus;1270;a4ed63bb-50dc-409f-a34d-d85c8ca123be;1.968;+;Micrococcus luteus;1270;7e64b71c-e9cd-4869-8f9d-4fa2b2e86d5b;1.932
MP_91253_ID1011026780;DMHL - Dorogi Mikrobiológiai és Higiénés Labor_2020-09-16;+++;Staphylococcus haemolyticus;1283;47e7c312-231a-4f79-a192-9dccad334d7c;2.397;+++;Staphylococcus haemolyticus;1283;4e977d76-2fa4-4a91-842d-dfb21e083370;2.014;+;Staphylococcus haemolyticus;1283;f2959610-ea1d-41e0-b391-d5b7502a3ac5;1.962;+;Staphylococcus haemolyticus;1283;5e0d2b36-f285-4c37-b3f8-8a957c1b54b5;1.94;+;Staphylococcus haemolyticus;1283;c36e44ee-514d-4ba3-a77a-244e0e01929f;1.92;+;Staphylococcus haemolyticus;1283;37f3ad54-a305-4c0d-a883-fd1492bfdf2d;1.875;+;Staphylococcus haemolyticus;1283;a17b8a09-e99a-41b2-b121-255c6e33b567;1.855;+;Staphylococcus haemolyticus;1283;bb1d3135-1a65-486b-8740-a5704725bf02;1.83;+;Staphylococcus haemolyticus;1283;e4efd75f-bbb0-4c0f-89d2-9e180310609d;1.777;+;Staphylococcus haemolyticus;1283;953bb888-aa4d-416b-8fd8-d3e075c9cc36;07.jan
MP_91254_ID1011026780;DMHL - Dorogi Mikrobiológiai és Higiénés Labor_2020-09-16;-;not reliable identification;E1;a4ab8bfd-4128-4b50-9270-292f99bdad8d;1.286;-;not reliable identification;E1;9d592e08-0b7a-4b2c-bbc5-96bf25002ed8;1.255;-;not reliable identification;E1;82da8aee-a6ae-4336-aeb6-d39fa8423efa;1.247;-;not reliable identification;E1;ac791df6-e3c6-4676-b570-c46c8691e84f;1.226;-;not reliable identification;E1;87ad22bd-27fe-4e89-a2dd-dbaa93311d75;1.215;-;not reliable identification;E1;29e40307-d9f5-4130-a805-7697712dc94d;1.208;-;not reliable identification;E1;43a347b1-5b65-4998-95e5-ddb524d89862;1.207;-;not reliable identification;E1;f0efe111-1c50-485f-9a8a-147fb5c7b403;1.143;-;not reliable identification;E1;b3de3124-e3a4-4dec-b753-521475e33ce7;1.136;-;not reliable identification;E1;a7bc5984-e9f9-4242-92df-4957fcdad8e2;1.133
MP_91255_ID1011026780;DMHL - Dorogi Mikrobiológiai és Higiénés Labor_2020-09-16;+++;Corynebacterium mucifaciens;57171;52dfa612-e54b-4168-b300-7773a814d450;2.083;+++;Corynebacterium mucifaciens;57171;409ee332-a2f2-4083-a1ec-4063cf89a0eb;2.079;+++;Corynebacterium mucifaciens;57171;9ed22935-de18-4c58-a031-93a1f19c67eb;2.049;+++;Corynebacterium mucifaciens;57171;3ff0ed0e-a2e6-44bb-9114-9baef47c3061;2.004;+;Corynebacterium mucifaciens;57171;54fe5b7a-b64b-463c-878c-8032e73eac4f;1.999;+;Corynebacterium mucifaciens;57171;24db01a6-44b1-42f4-a954-ba1c1a3bb730;1.979;+;Corynebacterium ureicelerivorans;401472;ddf9133e-79b6-4dfb-a9e9-6a13721d15c9;1.908;+;Corynebacterium mucifaciens;57171;c472b207-f7fc-4f86-bd5d-c5f5f6e12d60;1.718;-;not reliable identification;E1;bd513651-f380-4528-823a-301bbb01cdfd;1.693;-;not reliable identification;E1;05f48a9a-66b4-4a15-b054-878c84436bec;06.jan
MP_91256_ID1011026780;DMHL - Dorogi Mikrobiológiai és Higiénés Labor_2020-09-16;+++;Staphylococcus hominis;145391;7b34c231-ee3b-4b58-bf7f-80de1314ce76;2.198;+++;Staphylococcus hominis;1290;e42fa5b3-2a7d-46d6-b2e9-f55f49b91e95;2.156;+++;Staphylococcus hominis;1290;ea5a5ac9-9ac0-4140-9847-5ab41db0adcd;15.febr;+++;Staphylococcus hominis;145393;5e23b082-76aa-4165-b045-a5d492cfc0f4;2.121;+++;Staphylococcus hominis;1290;605f3c45-5813-4f3b-a6b5-167657d17554;09.febr;+++;Staphylococcus hominis;145391;cb25c9df-d4c9-4510-9627-ac25c9d32102;2.065;+++;Staphylococcus hominis;145391;361808e4-83a8-45a7-9482-a3ab48717b0a;2.002;+;Staphylococcus hominis;1290;6dc4986b-ecd2-437c-8e4d-6d95b5336e8c;1.861;-;not reliable identification;E1;37ccdc3b-c7e7-45a7-b72b-ac41b603edf0;1.512;-;not reliable identification;E1;263f37c8-2c7a-4d4b-97e2-252923304fb4;1.511
MP_91257_ID1011026780;DMHL - Dorogi Mikrobiológiai és Higiénés Labor_2020-09-16;+++;Micrococcus luteus;1270;9e126652-4575-4da4-99b5-5f8495523218;2.383;+++;Micrococcus luteus;1270;8a9c776c-2313-4855-8887-5aff2ca98ff9;2.371;+++;Micrococcus luteus;1270;6ed61691-9887-4655-a4a7-2fbbc2bc9d05;2.264;+++;Micrococcus luteus;1270;df205b83-8258-4046-aa99-d71c818c6628;2.251;+++;Micrococcus luteus;1270;03baea4f-ab2e-41fa-b92c-57426f337467;2.236;+++;Micrococcus luteus;1270;beec53ae-2e07-4400-8077-cd2fbf74766f;2.195;+++;Micrococcus luteus;1270;70588a60-89e1-4f56-9f47-3c2ac3b9032d;2.157;+;Micrococcus luteus;1270;b8c350c2-ef58-45bd-bd2e-cb21c4978e0d;1.915;+;Micrococcus luteus;1270;a4ed63bb-50dc-409f-a34d-d85c8ca123be;1.913;+;Micrococcus luteus;1270;7e64b71c-e9cd-4869-8f9d-4fa2b2e86d5b;1.878
MP_91258_ID1011026780;DMHL - Dorogi Mikrobiológiai és Higiénés Labor_2020-09-16;+++;Staphylococcus epidermidis;1282;affdd5db-be8f-4ee6-b395-757b3b820a98;2.003;+;Staphylococcus epidermidis;1282;219bdfd0-cd3d-48ae-a3ed-1245691e8c9e;1.797;+;Staphylococcus epidermidis;1282;cbefbe40-89e4-438c-81ca-ac8d312eda6d;1.782;+;Staphylococcus epidermidis;1282;ca61ac93-70f3-4aba-a3cd-b69ba1df29c9;1.739;+;Staphylococcus epidermidis;1282;cf58e860-e8a8-42cb-9f41-cfea4536d54e;1.727;+;Staphylococcus epidermidis;1282;d8f3d81b-5949-4fec-96db-056d2d22cab7;1.717;-;not reliable identification;E1;b487a1e3-895e-49ae-bc1c-e940757982cc;1.682;-;not reliable identification;E1;fc503196-43eb-4d43-ba09-406712713928;1.56;-;not reliable identification;E1;a117eb82-150b-4ff4-9168-bf5052681c4f;1.511;-;not reliable identification;E1;6e8c1752-3615-4167-bbc4-e2101bd745ec;1.487
MP_91259_ID1011026780;DMHL - Dorogi Mikrobiológiai és Higiénés Labor_2020-09-16;+++;Staphylococcus warneri;1292;e4c22d93-138e-48d5-820d-98751b855c0e;2.093;+++;Staphylococcus warneri;1292;5f1cae44-63e1-4b28-a517-3b64d2c13af4;2.015;+;Staphylococcus warneri;1292;afd71a76-0e5f-4e4f-8a8a-c2b83501bf18;1.937;+;Staphylococcus warneri;1292;d153c9c7-bc52-494e-b576-994839c2cb65;1.927;+;Staphylococcus warneri;1292;0203172b-1116-4ddc-8850-cb871f84be31;1.858;+;Staphylococcus warneri;1292;30e0768a-9e7f-4c3c-ad1f-471557c50943;1.742;-;not reliable identification;E1;5dd4fec7-cb0e-4c9d-b913-b9b76e5301ce;1.569;-;not reliable identification;E1;0746eebd-0dda-4fe6-9a22-bdcb4003f568;1.542;-;not reliable identification;E1;c98e7b49-3671-46fa-b899-9b5482a17e0f;1.519;-;not reliable identification;E1;f05a0cb9-1d87-47a7-91ee-914f6a19316f;1.377
MP_91260_ID1011026780;DMHL - Dorogi Mikrobiológiai és Higiénés Labor_2020-09-16;+++;Staphylococcus epidermidis;1282;affdd5db-be8f-4ee6-b395-757b3b820a98;2.162;+;Staphylococcus epidermidis;1282;219bdfd0-cd3d-48ae-a3ed-1245691e8c9e;1.973;+;Staphylococcus epidermidis;1282;ca61ac93-70f3-4aba-a3cd-b69ba1df29c9;1.931;+;Staphylococcus epidermidis;1282;b487a1e3-895e-49ae-bc1c-e940757982cc;1.909;+;Staphylococcus epidermidis;1282;cbefbe40-89e4-438c-81ca-ac8d312eda6d;1.838;+;Staphylococcus epidermidis;1282;cf58e860-e8a8-42cb-9f41-cfea4536d54e;1.828;+;Staphylococcus epidermidis;1282;d8f3d81b-5949-4fec-96db-056d2d22cab7;1.733;+;Staphylococcus epidermidis;1282;84f155e4-1600-46a5-afea-eafb27233290;1.712;-;not reliable identification;E1;fc503196-43eb-4d43-ba09-406712713928;1.659;-;not reliable identification;E1;a0157aa1-1cb4-419c-8239-075355610383;1.575
MP_91261_ID1011026780;DMHL - Dorogi Mikrobiológiai és Higiénés Labor_2020-09-16;+++;Staphylococcus warneri;1292;e4c22d93-138e-48d5-820d-98751b855c0e;2.019;+;Staphylococcus warneri;1292;d153c9c7-bc52-494e-b576-994839c2cb65;1.978;+;Staphylococcus warneri;1292;afd71a76-0e5f-4e4f-8a8a-c2b83501bf18;1.893;+;Staphylococcus warneri;1292;5f1cae44-63e1-4b28-a517-3b64d2c13af4;1.889;+;Staphylococcus warneri;1292;30e0768a-9e7f-4c3c-ad1f-471557c50943;1.883;+;Staphylococcus warneri;1292;0203172b-1116-4ddc-8850-cb871f84be31;1.722;-;not reliable identification;E1;0746eebd-0dda-4fe6-9a22-bdcb4003f568;1.617;-;not reliable identification;E1;5dd4fec7-cb0e-4c9d-b913-b9b76e5301ce;1.612;-;not reliable identification;E1;c98e7b49-3671-46fa-b899-9b5482a17e0f;1.584;-;not reliable identification;E1;f456ebf0-621e-41a7-b861-695022f633c4;1.528
MP_91262_ID1011026780;DMHL - Dorogi Mikrobiológiai és Higiénés Labor_2020-09-16;+++;Micrococcus luteus;1270;beec53ae-2e07-4400-8077-cd2fbf74766f;2.253;+++;Micrococcus luteus;1270;03baea4f-ab2e-41fa-b92c-57426f337467;2.149;+++;Micrococcus luteus;1270;70588a60-89e1-4f56-9f47-3c2ac3b9032d;2.143;+++;Micrococcus luteus;1270;df205b83-8258-4046-aa99-d71c818c6628;2.134;+++;Micrococcus luteus;1270;7e64b71c-e9cd-4869-8f9d-4fa2b2e86d5b;04.febr;+++;Micrococcus luteus;1270;9e126652-4575-4da4-99b5-5f8495523218;2.029;+;Micrococcus luteus;1270;8a9c776c-2313-4855-8887-5aff2ca98ff9;1.998;+;Micrococcus luteus;1270;6ed61691-9887-4655-a4a7-2fbbc2bc9d05;1.97;+;Micrococcus luteus;1270;a4ed63bb-50dc-409f-a34d-d85c8ca123be;1.89;+;Micrococcus luteus;1270;b8c350c2-ef58-45bd-bd2e-cb21c4978e0d;1.83
MP_91263_ID1011026780;DMHL - Dorogi Mikrobiológiai és Higiénés Labor_2020-09-16;-;not reliable identification;E1;e540919d-7157-4bb0-9fc3-df3a25a157db;1.559;-;not reliable identification;E1;fc20129b-77ec-40ea-bde0-22195dd0d067;1.424;-;not reliable identification;E1;89e1b140-d17b-4cdd-b42d-fef668058a93;1.395;-;not reliable identification;E1;a22d4680-158c-4c30-8a2f-ef0e3fbf2c22;1.353;-;not reliable identification;E1;57d20538-760d-46a3-9e83-c443f0f2adcb;1.325;-;not reliable identification;E1;8d1a7d37-d902-4a01-8325-328158ee38f7;03.jan;-;not reliable identification;E1;03a3ba0c-0e3c-4db6-ad8c-cf1f7544c255;1.291;-;not reliable identification;E1;5dd8e5ee-0548-457e-b0a2-26aa1b09ad4d;1.256;-;not reliable identification;E1;ab891ac9-7194-42bf-9ab2-e7f6b33594af;1.234;-;not reliable identification;E1;97a5a6c9-bba7-4549-bf29-106a7a6265cf;1.224
MP_91264_ID1011026780;DMHL - Dorogi Mikrobiológiai és Higiénés Labor_2020-09-16;+++;Acinetobacter schindleri;108981;e540919d-7157-4bb0-9fc3-df3a25a157db;2.101;-;not reliable identification;E1;09415fdb-3cf6-4a20-ab20-2c6d0db0a848;1.61;-;not reliable identification;E1;fc20129b-77ec-40ea-bde0-22195dd0d067;1.563;-;not reliable identification;E1;e34640a3-b6e5-4911-9b45-3b22cef7e655;1.519;-;not reliable identification;E1;831c4b6d-2327-4987-a3f1-2f0938fbe78c;1.495;-;not reliable identification;E1;6d23144d-caf1-4428-ab9b-8b2b51ecc05b;1.453;-;not reliable identification;E1;ab891ac9-7194-42bf-9ab2-e7f6b33594af;1.407;-;not reliable identification;E1;89e508f5-5e3b-4cf6-bf21-94d2632b867e;1.383;-;not reliable identification;E1;4bc254bd-3683-477c-b27b-2bf9d9e98b86;1.346;-;not reliable identification;E1;57d20538-760d-46a3-9e83-c443f0f2adcb;1.341
MP_91265_ID1011026780;DMHL - Dorogi Mikrobiológiai és Higiénés Labor_2020-09-16;+++;Micrococcus luteus;1270;8a9c776c-2313-4855-8887-5aff2ca98ff9;2.085;+++;Micrococcus luteus;1270;9e126652-4575-4da4-99b5-5f8495523218;2.023;+;Micrococcus luteus;1270;6ed61691-9887-4655-a4a7-2fbbc2bc9d05;1.977;+;Micrococcus luteus;1270;a4ed63bb-50dc-409f-a34d-d85c8ca123be;1.963;+;Micrococcus luteus;1270;70588a60-89e1-4f56-9f47-3c2ac3b9032d;1.905;+;Micrococcus luteus;1270;03baea4f-ab2e-41fa-b92c-57426f337467;1.854;+;Micrococcus luteus;1270;beec53ae-2e07-4400-8077-cd2fbf74766f;1.832;+;Micrococcus luteus;1270;df205b83-8258-4046-aa99-d71c818c6628;1.773;+;Micrococcus luteus;1270;7e64b71c-e9cd-4869-8f9d-4fa2b2e86d5b;1.722;-;not reliable identification;E1;590ee0ac-a5f2-4115-9d49-64d11d738754;1.621
MP_91266_ID1011026780;DMHL - Dorogi Mikrobiológiai és Higiénés Labor_2020-09-17;+++;Staphylococcus hominis;145391;7b34c231-ee3b-4b58-bf7f-80de1314ce76;2.261;+++;Staphylococcus hominis;1290;e42fa5b3-2a7d-46d6-b2e9-f55f49b91e95;2.235;+++;Staphylococcus hominis;1290;605f3c45-5813-4f3b-a6b5-167657d17554;2.228;+++;Staphylococcus hominis;145391;361808e4-83a8-45a7-9482-a3ab48717b0a;2.193;+++;Staphylococcus hominis;145393;5e23b082-76aa-4165-b045-a5d492cfc0f4;19.febr;+++;Staphylococcus hominis;1290;ea5a5ac9-9ac0-4140-9847-5ab41db0adcd;13.febr;+++;Staphylococcus hominis;145391;cb25c9df-d4c9-4510-9627-ac25c9d32102;2.088;+;Staphylococcus hominis;1290;6dc4986b-ecd2-437c-8e4d-6d95b5336e8c;1.958;-;not reliable identification;E1;263f37c8-2c7a-4d4b-97e2-252923304fb4;1.52;-;not reliable identification;E1;fa3d061f-e63c-408a-9c3e-4cca8bcc4e88;1.503
MP_91267_ID1011026780;DMHL - Dorogi Mikrobiológiai és Higiénés Labor_2020-09-17;+++;Micrococcus luteus;1270;beec53ae-2e07-4400-8077-cd2fbf74766f;2.323;+++;Micrococcus luteus;1270;df205b83-8258-4046-aa99-d71c818c6628;2.118;+++;Micrococcus luteus;1270;9e126652-4575-4da4-99b5-5f8495523218;2.071;+++;Micrococcus luteus;1270;70588a60-89e1-4f56-9f47-3c2ac3b9032d;2.031;+;Micrococcus luteus;1270;03baea4f-ab2e-41fa-b92c-57426f337467;1.996;+;Micrococcus luteus;1270;b8c350c2-ef58-45bd-bd2e-cb21c4978e0d;1.982;+;Micrococcus luteus;1270;a4ed63bb-50dc-409f-a34d-d85c8ca123be;1.964;+;Micrococcus luteus;1270;6ed61691-9887-4655-a4a7-2fbbc2bc9d05;1.863;+;Micrococcus luteus;1270;7e64b71c-e9cd-4869-8f9d-4fa2b2e86d5b;1.777;+;Micrococcus luteus;1270;8a9c776c-2313-4855-8887-5aff2ca98ff9;1.776
MP_91268_ID1011026780;DMHL - Dorogi Mikrobiológiai és Higiénés Labor_2020-09-17;+++;Staphylococcus epidermidis;1282;affdd5db-be8f-4ee6-b395-757b3b820a98;2.103;+;Staphylococcus epidermidis;1282;cf58e860-e8a8-42cb-9f41-cfea4536d54e;1.955;+;Staphylococcus epidermidis;1282;d8f3d81b-5949-4fec-96db-056d2d22cab7;09.jan;+;Staphylococcus epidermidis;1282;219bdfd0-cd3d-48ae-a3ed-1245691e8c9e;1.891;+;Staphylococcus epidermidis;1282;ca61ac93-70f3-4aba-a3cd-b69ba1df29c9;1.843;+;Staphylococcus epidermidis;1282;fc503196-43eb-4d43-ba09-406712713928;1.791;+;Staphylococcus epidermidis;1282;b487a1e3-895e-49ae-bc1c-e940757982cc;1.751;-;not reliable identification;E1;cbefbe40-89e4-438c-81ca-ac8d312eda6d;1.683;-;not reliable identification;E1;84f155e4-1600-46a5-afea-eafb27233290;1.624;-;not reliable identification;E1;c6adf6b4-1a9d-4c76-824f-28f3c474cc6b;1.457
MP_91269_ID1011026780;DMHL - Dorogi Mikrobiológiai és Higiénés Labor_2020-09-17;+++;Corynebacterium mucifaciens;57171;52dfa612-e54b-4168-b300-7773a814d450;2.063;+++;Corynebacterium mucifaciens;57171;54fe5b7a-b64b-463c-878c-8032e73eac4f;2.046;+;Corynebacterium mucifaciens;57171;409ee332-a2f2-4083-a1ec-4063cf89a0eb;1.973;+;Corynebacterium ureicelerivorans;401472;ddf9133e-79b6-4dfb-a9e9-6a13721d15c9;1.92;+;Corynebacterium mucifaciens;57171;24db01a6-44b1-42f4-a954-ba1c1a3bb730;1.872;+;Corynebacterium mucifaciens;57171;c472b207-f7fc-4f86-bd5d-c5f5f6e12d60;1.857;+;Corynebacterium mucifaciens;57171;9ed22935-de18-4c58-a031-93a1f19c67eb;1.834;+;Corynebacterium mucifaciens;57171;3ff0ed0e-a2e6-44bb-9114-9baef47c3061;1.809;-;not reliable identification;E1;05f48a9a-66b4-4a15-b054-878c84436bec;1.497;-;not reliable identification;E1;bd513651-f380-4528-823a-301bbb01cdfd;1.471
MP_91270_ID1011026780;S-1_1 - Szint I. 1 tisztatér KASP_2020-09-18;+;Micrococcus luteus;1270;6ed61691-9887-4655-a4a7-2fbbc2bc9d05;1.94;+;Corynebacterium mucifaciens;57171;52dfa612-e54b-4168-b300-7773a814d450;1.89;+;Corynebacterium mucifaciens;57171;54fe5b7a-b64b-463c-878c-8032e73eac4f;1.844;+;Corynebacterium mucifaciens;57171;24db01a6-44b1-42f4-a954-ba1c1a3bb730;1.78;+;Corynebacterium mucifaciens;57171;409ee332-a2f2-4083-a1ec-4063cf89a0eb;1.738;+;Micrococcus luteus;1270;9e126652-4575-4da4-99b5-5f8495523218;1.731;+;Micrococcus luteus;1270;70588a60-89e1-4f56-9f47-3c2ac3b9032d;1.725;+;Corynebacterium ureicelerivorans;401472;ddf9133e-79b6-4dfb-a9e9-6a13721d15c9;1.71;-;not reliable identification;E1;9ed22935-de18-4c58-a031-93a1f19c67eb;1.68;-;not reliable identification;E1;03baea4f-ab2e-41fa-b92c-57426f337467;1.605
MP_91271_ID1011026780;S-1_1 - Szint I. 1 tisztatér KASP_2020-09-18;+++;Micrococcus luteus;1270;03baea4f-ab2e-41fa-b92c-57426f337467;2.518;+++;Micrococcus luteus;1270;9e126652-4575-4da4-99b5-5f8495523218;2.457;+++;Micrococcus luteus;1270;6ed61691-9887-4655-a4a7-2fbbc2bc9d05;2.383;+++;Micrococcus luteus;1270;beec53ae-2e07-4400-8077-cd2fbf74766f;2.273;+++;Micrococcus luteus;1270;8a9c776c-2313-4855-8887-5aff2ca98ff9;24.febr;+++;Micrococcus luteus;1270;70588a60-89e1-4f56-9f47-3c2ac3b9032d;2.226;+++;Micrococcus luteus;1270;a4ed63bb-50dc-409f-a34d-d85c8ca123be;2.157;+++;Micrococcus luteus;1270;df205b83-8258-4046-aa99-d71c818c6628;2.024;+++;Micrococcus luteus;1270;7e64b71c-e9cd-4869-8f9d-4fa2b2e86d5b;2.006;+;Micrococcus luteus;1270;590ee0ac-a5f2-4115-9d49-64d11d738754;1.931
MP_91272_ID1011026780;S-1_1 - Szint I. 1 tisztatér KASP_2020-09-18;+++;Micrococcus luteus;1270;8a9c776c-2313-4855-8887-5aff2ca98ff9;2.302;+++;Micrococcus luteus;1270;03baea4f-ab2e-41fa-b92c-57426f337467;2.295;+++;Micrococcus luteus;1270;9e126652-4575-4da4-99b5-5f8495523218;2.279;+++;Micrococcus luteus;1270;70588a60-89e1-4f56-9f47-3c2ac3b9032d;2.218;+++;Micrococcus luteus;1270;6ed61691-9887-4655-a4a7-2fbbc2bc9d05;2.197;+++;Micrococcus luteus;1270;7e64b71c-e9cd-4869-8f9d-4fa2b2e86d5b;2.145;+++;Micrococcus luteus;1270;beec53ae-2e07-4400-8077-cd2fbf74766f;14.febr;+++;Micrococcus luteus;1270;df205b83-8258-4046-aa99-d71c818c6628;2.016;+;Micrococcus luteus;1270;a4ed63bb-50dc-409f-a34d-d85c8ca123be;1.927;-;not reliable identification;E1;b8c350c2-ef58-45bd-bd2e-cb21c4978e0d;1.611
MP_91273_ID1011026780;S-1_1 - Szint I. 1 tisztatér KASP_2020-09-18;+++;Micrococcus luteus;1270;beec53ae-2e07-4400-8077-cd2fbf74766f;2.253;+++;Micrococcus luteus;1270;9e126652-4575-4da4-99b5-5f8495523218;2.245;+++;Micrococcus luteus;1270;8a9c776c-2313-4855-8887-5aff2ca98ff9;2.237;+++;Micrococcus luteus;1270;03baea4f-ab2e-41fa-b92c-57426f337467;23.febr;+++;Micrococcus luteus;1270;6ed61691-9887-4655-a4a7-2fbbc2bc9d05;02.febr;+++;Micrococcus luteus;1270;70588a60-89e1-4f56-9f47-3c2ac3b9032d;2.153;+++;Micrococcus luteus;1270;a4ed63bb-50dc-409f-a34d-d85c8ca123be;2.081;+++;Micrococcus luteus;1270;df205b83-8258-4046-aa99-d71c818c6628;2.077;+;Micrococcus luteus;1270;b8c350c2-ef58-45bd-bd2e-cb21c4978e0d;1.971;+;Micrococcus luteus;1270;7e64b71c-e9cd-4869-8f9d-4fa2b2e86d5b;1.94
MP_91274_ID1011026780;S-1_1 - Szint I. 1 tisztatér KASP_2020-09-18;+++;Staphylococcus capitis;72758;ad4829e0-beb1-4f06-9d16-e3bd1707afb2;2.352;+++;Staphylococcus capitis;72758;6e8c1752-3615-4167-bbc4-e2101bd745ec;2.338;+++;Staphylococcus capitis;72758;cfe9f50c-c0f7-462e-b828-25b7156cf9e5;2.274;+++;Staphylococcus capitis;72758;c9999c48-5bd3-4c37-ab54-ed25af902121;2.041;+;Staphylococcus capitis;74703;98f4ade2-6a6d-4696-946e-2bc0331c0c6a;1.998;+;Staphylococcus capitis;72758;7ff5c2d5-93f0-4f1b-b1e3-edc061f22e96;1.909;-;not reliable identification;E1;617a72b8-eefb-4c85-a9f1-e010ae7eeced;1.689;-;not reliable identification;E1;c98e7b49-3671-46fa-b899-9b5482a17e0f;1.657;-;not reliable identification;E1;ae10ca58-4de5-4877-a03e-675f6b6826df;1.654;-;not reliable identification;E1;6bfdfee7-a2d2-43e9-bad6-a5bf9f4790b9;1.654
MP_91275_ID1011026780;S-1_1 - Szint I. 1 tisztatér KASP_2020-09-18;+++;Staphylococcus capitis;72758;6e8c1752-3615-4167-bbc4-e2101bd745ec;2.235;+++;Staphylococcus capitis;72758;ad4829e0-beb1-4f06-9d16-e3bd1707afb2;2.212;+++;Staphylococcus capitis;72758;cfe9f50c-c0f7-462e-b828-25b7156cf9e5;2.034;+;Staphylococcus capitis;72758;7ff5c2d5-93f0-4f1b-b1e3-edc061f22e96;1.991;+;Staphylococcus capitis;72758;c9999c48-5bd3-4c37-ab54-ed25af902121;1.932;+;Staphylococcus capitis;74703;98f4ade2-6a6d-4696-946e-2bc0331c0c6a;1.877;-;not reliable identification;E1;617a72b8-eefb-4c85-a9f1-e010ae7eeced;1.641;-;not reliable identification;E1;ae10ca58-4de5-4877-a03e-675f6b6826df;1.619;-;not reliable identification;E1;41e1a0a1-2274-4b67-a6d6-c9c8caa20979;1.532;-;not reliable identification;E1;b2b36739-a946-42c7-ba95-263a57c77d2b;1.523
MP_91276_ID1011026780;S-1_1 - Szint I. 1 tisztatér KASP_2020-09-18;+++;Micrococcus luteus;1270;03baea4f-ab2e-41fa-b92c-57426f337467;2.359;+++;Micrococcus luteus;1270;9e126652-4575-4da4-99b5-5f8495523218;2.346;+++;Micrococcus luteus;1270;8a9c776c-2313-4855-8887-5aff2ca98ff9;2.311;+++;Micrococcus luteus;1270;6ed61691-9887-4655-a4a7-2fbbc2bc9d05;2.296;+++;Micrococcus luteus;1270;beec53ae-2e07-4400-8077-cd2fbf74766f;2.218;+++;Micrococcus luteus;1270;a4ed63bb-50dc-409f-a34d-d85c8ca123be;2.176;+++;Micrococcus luteus;1270;70588a60-89e1-4f56-9f47-3c2ac3b9032d;2.171;+;Micrococcus luteus;1270;df205b83-8258-4046-aa99-d71c818c6628;1.996;+;Micrococcus luteus;1270;590ee0ac-a5f2-4115-9d49-64d11d738754;1.967;+;Micrococcus luteus;1270;7e64b71c-e9cd-4869-8f9d-4fa2b2e86d5b;1.942
MP_91277_ID1011026780;S-1_1 - Szint I. 1 tisztatér KASP_2020-09-18;+++;Staphylococcus epidermidis;1282;ca61ac93-70f3-4aba-a3cd-b69ba1df29c9;2.249;+++;Staphylococcus epidermidis;1282;affdd5db-be8f-4ee6-b395-757b3b820a98;2.152;+++;Staphylococcus epidermidis;1282;cf58e860-e8a8-42cb-9f41-cfea4536d54e;2.126;+++;Staphylococcus epidermidis;1282;d8f3d81b-5949-4fec-96db-056d2d22cab7;2.064;+++;Staphylococcus epidermidis;1282;219bdfd0-cd3d-48ae-a3ed-1245691e8c9e;2.027;+;Staphylococcus epidermidis;1282;fc503196-43eb-4d43-ba09-406712713928;1.983;+;Staphylococcus epidermidis;1282;84f155e4-1600-46a5-afea-eafb27233290;1.801;+;Staphylococcus epidermidis;1282;b487a1e3-895e-49ae-bc1c-e940757982cc;1.774;+;Staphylococcus epidermidis;1282;2f7eae59-d395-4226-8734-f0f113d9abe9;1.735;-;not reliable identification;E1;cbefbe40-89e4-438c-81ca-ac8d312eda6d;1.56
MP_91278_ID1011026780;S-1_1 - Szint I. 1 tisztatér KASP_2020-09-18;+;Micrococcus luteus;1270;70588a60-89e1-4f56-9f47-3c2ac3b9032d;1.898;+;Micrococcus luteus;1270;beec53ae-2e07-4400-8077-cd2fbf74766f;1.843;+;Micrococcus luteus;1270;8a9c776c-2313-4855-8887-5aff2ca98ff9;1.841;+;Micrococcus luteus;1270;6ed61691-9887-4655-a4a7-2fbbc2bc9d05;1.834;+;Micrococcus luteus;1270;9e126652-4575-4da4-99b5-5f8495523218;1.834;+;Micrococcus luteus;1270;03baea4f-ab2e-41fa-b92c-57426f337467;1.742;+;Staphylococcus hominis;1290;605f3c45-5813-4f3b-a6b5-167657d17554;1.726;+;Micrococcus luteus;1270;7e64b71c-e9cd-4869-8f9d-4fa2b2e86d5b;1.716;-;not reliable identification;E1;a4ed63bb-50dc-409f-a34d-d85c8ca123be;1.672;-;not reliable identification;E1;6dc4986b-ecd2-437c-8e4d-6d95b5336e8c;1.657
MP_91279_ID1011026780;S-1_1 - Szint I. 1 tisztatér KASP_2020-09-18;+++;Staphylococcus hominis;145393;5e23b082-76aa-4165-b045-a5d492cfc0f4;2.149;+++;Staphylococcus hominis;1290;605f3c45-5813-4f3b-a6b5-167657d17554;2.113;+;Staphylococcus hominis;145391;7b34c231-ee3b-4b58-bf7f-80de1314ce76;1.993;+;Staphylococcus hominis;1290;ea5a5ac9-9ac0-4140-9847-5ab41db0adcd;1.955;+;Staphylococcus hominis;1290;6dc4986b-ecd2-437c-8e4d-6d95b5336e8c;1.95;+;Staphylococcus epidermidis;1282;219bdfd0-cd3d-48ae-a3ed-1245691e8c9e;1.931;+;Staphylococcus epidermidis;1282;affdd5db-be8f-4ee6-b395-757b3b820a98;1.836;+;Staphylococcus hominis;145391;361808e4-83a8-45a7-9482-a3ab48717b0a;1.824;+;Staphylococcus hominis;145391;cb25c9df-d4c9-4510-9627-ac25c9d32102;1.795;+;Staphylococcus epidermidis;1282;ca61ac93-70f3-4aba-a3cd-b69ba1df29c9;1.784
MP_91280_ID1011026780;DMHL - Dorogi Mikrobiológiai és Higiénés Labor_2020-09-18;+++;Staphylococcus epidermidis;1282;affdd5db-be8f-4ee6-b395-757b3b820a98;2.137;+++;Staphylococcus epidermidis;1282;cf58e860-e8a8-42cb-9f41-cfea4536d54e;2.127;+++;Staphylococcus epidermidis;1282;219bdfd0-cd3d-48ae-a3ed-1245691e8c9e;08.febr;+++;Staphylococcus epidermidis;1282;ca61ac93-70f3-4aba-a3cd-b69ba1df29c9;2.066;+;Staphylococcus epidermidis;1282;b487a1e3-895e-49ae-bc1c-e940757982cc;1.897;+;Staphylococcus epidermidis;1282;fc503196-43eb-4d43-ba09-406712713928;1.778;+;Staphylococcus epidermidis;1282;84f155e4-1600-46a5-afea-eafb27233290;07.jan;-;not reliable identification;E1;d8f3d81b-5949-4fec-96db-056d2d22cab7;1.684;-;not reliable identification;E1;ad4829e0-beb1-4f06-9d16-e3bd1707afb2;1.678;-;not reliable identification;E1;cbefbe40-89e4-438c-81ca-ac8d312eda6d;1.67
MP_91281_ID1011026780;DMHL - Dorogi Mikrobiológiai és Higiénés Labor_2020-09-18;-;not reliable identification;E1;a62cac3c-e498-49c0-a4bc-44a6853ebe3b;1.373;-;not reliable identification;E1;cd4a674b-d444-4418-b9bf-a059832fbda8;1.323;-;not reliable identification;E1;4f57216c-9ddc-44d2-b553-aba8154f7bb0;1.315;-;not reliable identification;E1;2085e2bd-2653-4c5f-92ef-714b701b6aaf;1.311;-;not reliable identification;E1;08da58a3-6529-4191-89ec-f1c40edf1cef;1.292;-;not reliable identification;E1;181cdf7d-44db-464e-bdb6-fc791988c390;1.282;-;not reliable identification;E1;1240dd7f-2a23-4323-9f95-62b3db455b3c;26.jan;-;not reliable identification;E1;bc759ef9-8c84-4e9d-8475-4ddbc32a73ff;1.258;-;not reliable identification;E1;b9db559f-f582-41df-a169-862ba8d04fd6;1.254;-;not reliable identification;E1;456b0f8a-f01c-4534-ac68-274d9a4cba3c;1.243
MP_91282_ID1011026780;DMHL - Dorogi Mikrobiológiai és Higiénés Labor_2020-09-18;+++;Staphylococcus hominis;1290;e42fa5b3-2a7d-46d6-b2e9-f55f49b91e95;2.011;+;Staphylococcus hominis;145391;7b34c231-ee3b-4b58-bf7f-80de1314ce76;1.988;+;Staphylococcus hominis;145391;361808e4-83a8-45a7-9482-a3ab48717b0a;1.882;+;Staphylococcus hominis;1290;605f3c45-5813-4f3b-a6b5-167657d17554;1.864;+;Staphylococcus hominis;1290;ea5a5ac9-9ac0-4140-9847-5ab41db0adcd;1.817;+;Staphylococcus hominis;145393;5e23b082-76aa-4165-b045-a5d492cfc0f4;1.814;+;Staphylococcus hominis;145391;cb25c9df-d4c9-4510-9627-ac25c9d32102;1.803;-;not reliable identification;E1;6dc4986b-ecd2-437c-8e4d-6d95b5336e8c;1.654;-;not reliable identification;E1;affdd5db-be8f-4ee6-b395-757b3b820a98;1.421;-;not reliable identification;E1;ad4829e0-beb1-4f06-9d16-e3bd1707afb2;1.345
MP_91283_ID1011026780;DMHL - Dorogi Mikrobiológiai és Higiénés Labor_2020-09-18;-;not reliable identification;E1;54fe5b7a-b64b-463c-878c-8032e73eac4f;1.628;-;not reliable identification;E1;3ff0ed0e-a2e6-44bb-9114-9baef47c3061;1.39;-;not reliable identification;E1;30ee555c-f15f-4ff1-b6bf-ae0a0100f659;1.358;-;not reliable identification;E1;24db01a6-44b1-42f4-a954-ba1c1a3bb730;1.348;-;not reliable identification;E1;9ed22935-de18-4c58-a031-93a1f19c67eb;1.337;-;not reliable identification;E1;ce803891-620a-477e-87ed-dbabec5d94a5;1.334;-;not reliable identification;E1;faec0f94-5e33-460e-a255-e455d6e9883a;1.294;-;not reliable identification;E1;1240dd7f-2a23-4323-9f95-62b3db455b3c;1.246;-;not reliable identification;E1;c4dacf45-da81-42d1-983a-be765f680a4a;1.245;-;not reliable identification;E1;d60e840a-a0ea-470e-ba5f-8b465993e949;1.231
MP_91284_ID1011026780;DMHL - Dorogi Mikrobiológiai és Higiénés Labor_2020-09-18;+++;Staphylococcus epidermidis;1282;ca61ac93-70f3-4aba-a3cd-b69ba1df29c9;2.147;+++;Staphylococcus epidermidis;1282;affdd5db-be8f-4ee6-b395-757b3b820a98;2.125;+;Staphylococcus epidermidis;1282;219bdfd0-cd3d-48ae-a3ed-1245691e8c9e;1.98;+;Staphylococcus epidermidis;1282;cf58e860-e8a8-42cb-9f41-cfea4536d54e;1.944;+;Staphylococcus epidermidis;1282;b487a1e3-895e-49ae-bc1c-e940757982cc;1.86;-;not reliable identification;E1;d8f3d81b-5949-4fec-96db-056d2d22cab7;1.692;-;not reliable identification;E1;fc503196-43eb-4d43-ba09-406712713928;1.689;-;not reliable identification;E1;cbefbe40-89e4-438c-81ca-ac8d312eda6d;1.677;-;not reliable identification;E1;ad4829e0-beb1-4f06-9d16-e3bd1707afb2;1.657;-;not reliable identification;E1;84f155e4-1600-46a5-afea-eafb27233290;1.523
MP_91285_ID1011026780;DMHL - Dorogi Mikrobiológiai és Higiénés Labor_2020-09-18;+++;Staphylococcus hominis;145393;5e23b082-76aa-4165-b045-a5d492cfc0f4;2.129;+++;Staphylococcus hominis;1290;ea5a5ac9-9ac0-4140-9847-5ab41db0adcd;2.088;+++;Staphylococcus hominis;1290;605f3c45-5813-4f3b-a6b5-167657d17554;03.febr;+++;Staphylococcus hominis;145391;cb25c9df-d4c9-4510-9627-ac25c9d32102;2.028;+++;Staphylococcus hominis;145391;361808e4-83a8-45a7-9482-a3ab48717b0a;01.febr;+;Staphylococcus hominis;1290;6dc4986b-ecd2-437c-8e4d-6d95b5336e8c;1.992;+;Staphylococcus hominis;1290;e42fa5b3-2a7d-46d6-b2e9-f55f49b91e95;1.979;+;Staphylococcus hominis;145391;7b34c231-ee3b-4b58-bf7f-80de1314ce76;1.913;-;not reliable identification;E1;ad4829e0-beb1-4f06-9d16-e3bd1707afb2;1.404;-;not reliable identification;E1;219bdfd0-cd3d-48ae-a3ed-1245691e8c9e;1.38
MP_91286_ID1011026780;DMHL - Dorogi Mikrobiológiai és Higiénés Labor_2020-09-18;+++;Aerococcus viridans;1377;451b6463-8a85-4452-aea4-a55a6fa62c90;2.039;+;Aerococcus viridans;1377;060a20f5-090c-4a7b-bb8d-38a4fe4960cb;1.983;+;Aerococcus viridans;1377;058feb71-2b40-486f-80c5-3b21bb3656de;1.965;+;Aerococcus viridans;1377;3b3f03d8-a596-4692-98d8-7e6012d1eeb3;1.915;+;Aerococcus viridans;1377;bae259af-fcfa-4009-8366-6d6142dce7cc;1.832;+;Aerococcus viridans;1377;8cd3be71-220c-468a-a4f2-8907f3acf02d;1.809;+;Aerococcus viridans;1377;dc963e94-82d0-451e-8847-a5d7fd0cdf65;1.777;+;Aerococcus viridans;1377;fbac6d89-80a0-4883-83a4-0505dd7e3a53;1.763;+;Aerococcus viridans;1377;089f741d-9321-4b92-95ab-f379b307b435;1.753;-;not reliable identification;E1;3e668ddd-b3bd-48ed-808d-f5a9c7748c56;1.533
MP_91287_ID1011026780;DMHL - Dorogi Mikrobiológiai és Higiénés Labor_2020-09-18;+++;Staphylococcus lugdunensis;28035;53f928f1-3e04-4514-9a55-275cd17cd83b;2.423;+++;Staphylococcus lugdunensis;28035;6bfdfee7-a2d2-43e9-bad6-a5bf9f4790b9;2.276;+++;Staphylococcus lugdunensis;28035;112bb191-6b17-423a-854c-a128f650f887;2.144;+++;Staphylococcus lugdunensis;28035;d27f5948-555a-47ff-a45d-5fb7e95bd0a3;2.139;+;Staphylococcus lugdunensis;28035;d9ccd8b7-bee4-4261-8c98-87a3c93e133b;1.895;+;Staphylococcus aureus;46170;361b80ac-1418-46d5-8c97-b85bdffa2c3d;1.835;+;Staphylococcus lugdunensis;28035;59ebfe5b-8626-4dc4-89b8-f0a5b5a9c88f;1.768;-;not reliable identification;E1;5ce8648a-aef1-422b-8b1a-cbe351d7e287;1.613;-;not reliable identification;E1;ad4829e0-beb1-4f06-9d16-e3bd1707afb2;1.613;-;not reliable identification;E1;98f4ade2-6a6d-4696-946e-2bc0331c0c6a;1.586
MP_91288_ID1011026780;DMHL - Dorogi Mikrobiológiai és Higiénés Labor_2020-09-18;-;no peaks found;E2;;0;;;;;;;;;;;;;;;;;;;;;;;;;;;;;;;;;;;;;;;;;;;;;
MP_91289_ID1011026780;DMHL - Dorogi Mikrobiológiai és Higiénés Labor_2020-09-18;-;no peaks found;E2;;0;;;;;;;;;;;;;;;;;;;;;;;;;;;;;;;;;;;;;;;;;;;;;
